薄皮椒,河南商丘市夏邑县,1.1元/斤
薄皮椒,河南商丘市夏邑县,0.6元/斤
薄皮椒,河南商丘市夏邑县,0.8元/斤
薄皮椒,河南商丘市夏邑县,1元/斤
薄皮椒,河南商丘市夏邑县,0.35元/斤
薄皮椒,河南商丘市夏邑县,1.2元/斤
薄皮椒,河南商丘市夏邑县,0.7元/斤
薄皮椒,河南商丘市夏邑县,0.5元/斤
薄皮椒,河南商丘市夏邑县,1.2元/斤
薄皮椒,河南商丘市夏邑县,1.83元/斤
薄皮椒,河南商丘市夏邑县,1.8元/斤
薄皮椒,河南商丘市夏邑县,0.99元/斤
薄皮椒,河南商丘市夏邑县,0.85元/斤
薄皮椒,河南商丘市夏邑县,2.2元/斤
薄皮椒,河南商丘市夏邑县,0.7元/斤
彩椒,广西百色市平果市,2元/斤
彩椒,广西百色市平果市,1.2元/斤
彩椒,广西百色市平果市,3元/斤
彩椒,广西百色市平果市,0.3元/斤
彩椒,广西百色市平果市,1元/斤
彩椒,广西百色市平果市,1.3元/斤
彩椒,广西百色市平果市,3元/斤
彩椒,广西百色市平果市,1.83元/斤
彩椒,广西百色市平果市,3元/斤
彩椒,广西百色市平果市,1元/斤
朝天椒,广西北海市合浦县,3元/斤
朝天椒,广西北海市合浦县,2.25元/斤
朝天椒,广西北海市合浦县,2.9元/斤
朝天椒,广西北海市合浦县,2元/斤
朝天椒,广西北海市合浦县,2元/斤
朝天椒,广西北海市合浦县,1.5元/斤
朝天椒,广西北海市合浦县,0.5元/斤
朝天椒,广西北海市合浦县,2.23元/斤
朝天椒,广西北海市合浦县,2元/斤
朝天椒,广西北海市合浦县,2.18元/斤
朝天椒,广西北海市合浦县,1.95元/斤
朝天椒,广西北海市合浦县,2元/斤
朝天椒,广西北海市合浦县,2.1元/斤
朝天椒,广西北海市合浦县,1.82元/斤
朝天椒,广西北海市合浦县,1.75元/斤
二荆条,云南保山市施甸县,2.28元/斤
二荆条,云南保山市施甸县,2元/斤
二荆条,云南保山市施甸县,0.8元/斤
二荆条,云南保山市施甸县,0.61元/斤
二荆条,云南保山市施甸县,0.8元/斤
二荆条,云南保山市施甸县,0.57元/斤
二荆条,云南保山市施甸县,0.5元/斤
二荆条,云南保山市施甸县,1.05元/斤
二荆条,云南保山市施甸县,1元/斤
二荆条,云南保山市施甸县,1.7元/斤
二荆条,云南保山市施甸县,2.6元/斤
二荆条,云南保山市施甸县,1.3元/斤
二荆条,云南保山市施甸县,1.3元/斤
二荆条,云南保山市施甸县,2元/斤
二荆条,云南保山市施甸县,1元/斤
黄贡椒,云南红河哈尼族彝族自治州建水县,3元/斤
航椒,河南开封市通许县,1.25元/斤
杭椒,海南澄迈县澄迈县,1.5元/斤
杭椒,海南澄迈县澄迈县,1.55元/斤
杭椒,海南澄迈县澄迈县,1元/斤
杭椒,海南澄迈县澄迈县,1.45元/斤
杭椒,海南澄迈县澄迈县,2元/斤
杭椒,海南澄迈县澄迈县,1元/斤
杭椒,海南澄迈县澄迈县,1.03元/斤
杭椒,海南澄迈县澄迈县,2元/斤
杭椒,海南澄迈县澄迈县,1.33元/斤
杭椒,海南澄迈县澄迈县,1.3元/斤
杭椒,海南澄迈县澄迈县,1元/斤
黄皮椒,河南商丘市夏邑县,1元/斤
黄皮椒,河南商丘市夏邑县,3元/斤
黄皮椒,河南商丘市夏邑县,1.5元/斤
黄皮椒,河南商丘市夏邑县,0.6元/斤
黄皮椒,河南商丘市夏邑县,2.8元/斤
黄皮椒,河南商丘市夏邑县,0.93元/斤
黄皮椒,河南商丘市夏邑县,1.49元/斤
黄皮椒,河南商丘市夏邑县,1元/斤
黄皮椒,河南商丘市夏邑县,1.73元/斤
黄皮椒,河南商丘市夏邑县,1.83元/斤
黄皮椒,河南商丘市夏邑县,0.78元/斤
黄皮椒,河南商丘市夏邑县,1元/斤
黄皮椒,河南商丘市夏邑县,1.8元/斤
黄皮椒,河南商丘市夏邑县,0.8元/斤
黄皮椒,河南商丘市夏邑县,0.38元/斤
红泡椒,广东湛江市徐闻县,2元/斤
红泡椒,广东湛江市徐闻县,2.75元/斤
红泡椒,广东湛江市徐闻县,1.5元/斤
红泡椒,广东湛江市徐闻县,1.3元/斤
红泡椒,广东湛江市徐闻县,1.5元/斤
红泡椒,广东湛江市徐闻县,1元/斤
红泡椒,广东湛江市徐闻县,1.16元/斤
红泡椒,广东湛江市徐闻县,1元/斤
红泡椒,广东湛江市徐闻县,2元/斤
红泡椒,广东湛江市徐闻县,2元/斤
红泡椒,广东湛江市徐闻县,1.9元/斤
红泡椒,广东湛江市徐闻县,1.55元/斤
红泡椒,广东湛江市徐闻县,1元/斤
红泡椒,广东湛江市徐闻县,1.4元/斤
红泡椒,广东湛江市徐闻县,0.3元/斤
尖椒,河南开封市通许县,0.5元/斤
尖椒,河南开封市通许县,1.13元/斤
尖椒,河南开封市通许县,1.39元/斤
尖椒,河南开封市通许县,2.7元/斤
尖椒,河南开封市通许县,1.75元/斤
尖椒,河南开封市通许县,0.6元/斤
尖椒,河南开封市通许县,0.97元/斤
尖椒,河南开封市通许县,1.57元/斤
尖椒,河南开封市通许县,1.03元/斤
尖椒,河南开封市通许县,0.9元/斤
尖椒,河南开封市通许县,1.06元/斤
尖椒,河南开封市通许县,0.71元/斤
尖椒,河南开封市通许县,0.61元/斤
尖椒,河南开封市通许县,1.1元/斤
尖椒,河南开封市通许县,0.6元/斤
螺丝椒,山东潍坊市寿光市,1元/斤
螺丝椒,山东潍坊市寿光市,1.6元/斤
螺丝椒,山东潍坊市寿光市,0.7元/斤
螺丝椒,山东潍坊市寿光市,0.8元/斤
螺丝椒,山东潍坊市寿光市,0.4元/斤
螺丝椒,山东潍坊市寿光市,1.23元/斤
螺丝椒,山东潍坊市寿光市,1元/斤
螺丝椒,山东潍坊市寿光市,1.3元/斤
螺丝椒,山东潍坊市寿光市,0.8元/斤
螺丝椒,山东潍坊市寿光市,1.5元/斤
螺丝椒,山东潍坊市寿光市,1.26元/斤
螺丝椒,山东潍坊市寿光市,1.5元/斤
螺丝椒,山东潍坊市寿光市,1.32元/斤
螺丝椒,山东潍坊市寿光市,0.3元/斤
螺丝椒,山东潍坊市寿光市,1.5元/斤
美人椒,云南西双版纳傣族自治州景洪市,2元/斤
美人椒,云南西双版纳傣族自治州景洪市,1元/斤
美人椒,云南西双版纳傣族自治州景洪市,1.2元/斤
美人椒,云南西双版纳傣族自治州景洪市,2.5元/斤
美人椒,云南西双版纳傣族自治州景洪市,0.85元/斤
美人椒,云南西双版纳傣族自治州景洪市,1.87元/斤
美人椒,云南西双版纳傣族自治州景洪市,0.7元/斤
美人椒,云南西双版纳傣族自治州景洪市,2.42元/斤
美人椒,云南西双版纳傣族自治州景洪市,3元/斤
美人椒,云南西双版纳傣族自治州景洪市,1.5元/斤
美人椒,云南西双版纳傣族自治州景洪市,2.1元/斤
美人椒,云南西双版纳傣族自治州景洪市,3元/斤
美人椒,云南西双版纳傣族自治州景洪市,2元/斤
美人椒,云南西双版纳傣族自治州景洪市,2.5元/斤
美人椒,云南西双版纳傣族自治州景洪市,1.25元/斤
牛角椒,广西钦州市灵山县,1.2元/斤
牛角椒,广西钦州市灵山县,2元/斤
牛角椒,广西钦州市灵山县,2.1元/斤
牛角椒,广西钦州市灵山县,1元/斤
牛角椒,广西钦州市灵山县,1.5元/斤
牛角椒,广西钦州市灵山县,2.7元/斤
牛角椒,广西钦州市灵山县,1.5元/斤
牛角椒,广西钦州市灵山县,0.85元/斤
牛角椒,广西钦州市灵山县,0.65元/斤
牛角椒,广西钦州市灵山县,0.75元/斤
牛角椒,广西钦州市灵山县,1.2元/斤
牛角椒,广西钦州市灵山县,0.4元/斤
牛角椒,广西钦州市灵山县,1.1元/斤
牛角椒,广西钦州市灵山县,1元/斤
牛角椒,广西钦州市灵山县,3元/斤
青泡椒,广西钦州市钦北区,0.3元/斤
青泡椒,广西钦州市钦北区,1元/斤
青泡椒,广西钦州市钦北区,0.45元/斤
青泡椒,广西钦州市钦北区,1.67元/斤
青泡椒,广西钦州市钦北区,0.5元/斤
青泡椒,广西钦州市钦北区,0.9元/斤
青泡椒,广西钦州市钦北区,0.77元/斤
青泡椒,广西钦州市钦北区,1.57元/斤
青泡椒,广西钦州市钦北区,1.1元/斤
青泡椒,广西钦州市钦北区,0.87元/斤
青泡椒,广西钦州市钦北区,1.05元/斤
青泡椒,广西钦州市钦北区,0.93元/斤
青泡椒,广西钦州市钦北区,0.67元/斤
青泡椒,广西钦州市钦北区,0.42元/斤
青泡椒,广西钦州市钦北区,1.5元/斤
甜椒,云南红河哈尼族彝族自治州蒙自市,2元/斤
甜椒,云南红河哈尼族彝族自治州蒙自市,1元/斤
甜椒,云南红河哈尼族彝族自治州蒙自市,1元/斤
甜椒,云南红河哈尼族彝族自治州蒙自市,3元/斤
甜椒,云南红河哈尼族彝族自治州蒙自市,1元/斤
甜椒,云南红河哈尼族彝族自治州蒙自市,1.3元/斤
甜椒,云南红河哈尼族彝族自治州蒙自市,1元/斤
甜椒,云南红河哈尼族彝族自治州蒙自市,1元/斤
甜椒,云南红河哈尼族彝族自治州蒙自市,1.75元/斤
甜椒,云南红河哈尼族彝族自治州蒙自市,0.7元/斤
甜椒,云南红河哈尼族彝族自治州蒙自市,1.05元/斤
甜椒,云南红河哈尼族彝族自治州蒙自市,2元/斤
甜椒,云南红河哈尼族彝族自治州蒙自市,1元/斤
甜椒,云南红河哈尼族彝族自治州蒙自市,2元/斤
甜椒,云南红河哈尼族彝族自治州蒙自市,0.83元/斤
芜湖椒,广东湛江市雷州市,1.1元/斤
芜湖椒,广东湛江市雷州市,0.8元/斤
芜湖椒,广东湛江市雷州市,0.8元/斤
芜湖椒,广东湛江市雷州市,1元/斤
芜湖椒,广东湛江市雷州市,0.43元/斤
芜湖椒,广东湛江市雷州市,0.94元/斤
芜湖椒,广东湛江市雷州市,0.4元/斤
芜湖椒,广东湛江市雷州市,1.28元/斤
芜湖椒,广东湛江市雷州市,0.5元/斤
芜湖椒,广东湛江市雷州市,0.4元/斤
芜湖椒,广东湛江市雷州市,0.5元/斤
线椒,山东枣庄市薛城区,2元/斤
线椒,山东枣庄市薛城区,1.3元/斤
线椒,山东枣庄市薛城区,1.5元/斤
线椒,山东枣庄市薛城区,1.65元/斤
线椒,山东枣庄市薛城区,1.6元/斤
线椒,山东枣庄市薛城区,1.93元/斤
线椒,山东枣庄市薛城区,1.75元/斤
线椒,山东枣庄市薛城区,1.24元/斤
线椒,山东枣庄市薛城区,1.5元/斤
线椒,山东枣庄市薛城区,1.25元/斤
线椒,山东枣庄市薛城区,0.89元/斤
线椒,山东枣庄市薛城区,1元/斤
线椒,山东枣庄市薛城区,2.5元/斤
线椒,山东枣庄市薛城区,1.49元/斤
线椒,山东枣庄市薛城区,0.3元/斤
湘辣,河南商丘市睢阳区,3元/斤
小辣椒,云南临沧市耿马傣族佤族自治县,2.3元/斤
小辣椒,云南临沧市耿马傣族佤族自治县,1.6元/斤
小辣椒,云南临沧市耿马傣族佤族自治县,3元/斤
小辣椒,云南临沧市耿马傣族佤族自治县,2元/斤
小米椒,广东云浮市新兴县,2.2元/斤
小米椒,广东云浮市新兴县,3元/斤
小米椒,广东云浮市新兴县,3元/斤
小米椒,广东云浮市新兴县,2.25元/斤
小米椒,广东云浮市新兴县,1.8元/斤
小米椒,广东云浮市新兴县,2.2元/斤
小米椒,广东云浮市新兴县,2.85元/斤
小米椒,广东云浮市新兴县,2.04元/斤
小米椒,广东云浮市新兴县,1.05元/斤
小米椒,广东云浮市新兴县,3元/斤
小米椒,广东云浮市新兴县,1.88元/斤
小米椒,广东云浮市新兴县,2.3元/斤
小米椒,广东云浮市新兴县,2.8元/斤
小米椒,广东云浮市新兴县,2.5元/斤
小米椒,广东云浮市新兴县,2.15元/斤
湘研,广东湛江市徐闻县,1元/斤
湘研,广东湛江市徐闻县,0.5元/斤
艳红辣椒,陕西渭南市大荔县,1.8元/斤
艳红辣椒,陕西渭南市大荔县,0.9元/斤
艳红辣椒,陕西渭南市大荔县,2元/斤
艳红辣椒,陕西渭南市大荔县,1.5元/斤
艳红辣椒,陕西渭南市大荔县,1元/斤
艳红辣椒,陕西渭南市大荔县,1.6元/斤
艳红辣椒,陕西渭南市大荔县,1.5元/斤
艳红辣椒,陕西渭南市大荔县,1.2元/斤
艳红辣椒,陕西渭南市大荔县,3元/斤
艳红辣椒,陕西渭南市大荔县,1.97元/斤
艳红辣椒,陕西渭南市大荔县,1元/斤
甜椒,云南红河哈尼族彝族自治州蒙自市,2元/斤
甜椒,云南红河哈尼族彝族自治州蒙自市,1元/斤
甜椒,云南红河哈尼族彝族自治州蒙自市,1元/斤
甜椒,云南红河哈尼族彝族自治州蒙自市,3元/斤
甜椒,云南红河哈尼族彝族自治州蒙自市,1元/斤
甜椒,云南红河哈尼族彝族自治州蒙自市,1.3元/斤
甜椒,云南红河哈尼族彝族自治州蒙自市,1元/斤
甜椒,云南红河哈尼族彝族自治州蒙自市,1元/斤
甜椒,云南红河哈尼族彝族自治州蒙自市,1.75元/斤
甜椒,云南红河哈尼族彝族自治州蒙自市,0.7元/斤
甜椒,云南红河哈尼族彝族自治州蒙自市,1.05元/斤
甜椒,云南红河哈尼族彝族自治州蒙自市,2元/斤
甜椒,云南红河哈尼族彝族自治州蒙自市,1元/斤
甜椒,云南红河哈尼族彝族自治州蒙自市,2元/斤
甜椒,云南红河哈尼族彝族自治州蒙自市,0.83元/斤
皱皮椒,云南红河哈尼族彝族自治州蒙自市,2.6元/斤
皱皮椒,云南红河哈尼族彝族自治州蒙自市,0.57元/斤
皱皮椒,云南红河哈尼族彝族自治州蒙自市,0.94元/斤
皱皮椒,云南红河哈尼族彝族自治州蒙自市,1.14元/斤
皱皮椒,云南红河哈尼族彝族自治州蒙自市,2元/斤
皱皮椒,云南红河哈尼族彝族自治州蒙自市,0.6元/斤
皱皮椒,云南红河哈尼族彝族自治州蒙自市,1元/斤
皱皮椒,云南红河哈尼族彝族自治州蒙自市,1.5元/斤
皱皮椒,云南红河哈尼族彝族自治州蒙自市,0.5元/斤
水果西红柿,河南郑州市中牟县,2.4元/斤
水果西红柿,河南郑州市中牟县,2元/斤
水果西红柿,河南郑州市中牟县,3.5元/斤
水果西红柿,河南郑州市中牟县,2.5元/斤
水果西红柿,河南郑州市中牟县,0.8元/斤
水果西红柿,河南郑州市中牟县,4.98元/斤
水果西红柿,河南郑州市中牟县,3.65元/斤
水果西红柿,河南郑州市中牟县,4.35元/斤
水果西红柿,河南郑州市中牟县,2.63元/斤
水果西红柿,河南郑州市中牟县,4.35元/斤
水果西红柿,河南郑州市中牟县,6元/斤
水果西红柿,河南郑州市中牟县,1.45元/斤
水果西红柿,河南郑州市中牟县,2.25元/斤
水果西红柿,河南郑州市中牟县,1.65元/斤
水果西红柿,河南郑州市中牟县,1.5元/斤
大红西红柿,山东临沂市沂水县,1.21元/斤
大红西红柿,山东临沂市沂水县,1.48元/斤
大红西红柿,山东临沂市沂水县,0.58元/斤
大红西红柿,山东临沂市沂水县,2.5元/斤
大红西红柿,山东临沂市沂水县,1.45元/斤
大红西红柿,山东临沂市沂水县,1元/斤
大红西红柿,山东临沂市沂水县,0.6元/斤
大红西红柿,山东临沂市沂水县,1.23元/斤
大红西红柿,山东临沂市沂水县,0.5元/斤
大红西红柿,山东临沂市沂水县,2.5元/斤
大红西红柿,山东临沂市沂水县,1元/斤
大红西红柿,山东临沂市沂水县,0.35元/斤
大红西红柿,山东临沂市沂水县,1.23元/斤
大红西红柿,山东临沂市沂水县,0.92元/斤
大红西红柿,山东临沂市沂水县,1.16元/斤
黑番茄,山东潍坊市寿光市,1.5元/斤
黄番茄,山东聊城市东昌府区,1元/斤
黄番茄,山东聊城市东昌府区,4元/斤
黄番茄,山东聊城市东昌府区,5.6元/斤
小番茄,陕西咸阳市彬州市,3.67元/斤
小番茄,陕西咸阳市彬州市,5元/斤
小番茄,陕西咸阳市彬州市,4.75元/斤
小番茄,陕西咸阳市彬州市,2.82元/斤
小番茄,陕西咸阳市彬州市,4.4元/斤
小番茄,陕西咸阳市彬州市,5元/斤
小番茄,陕西咸阳市彬州市,0.7元/斤
小番茄,陕西咸阳市彬州市,1元/斤
小番茄,陕西咸阳市彬州市,3.53元/斤
小番茄,陕西咸阳市彬州市,5元/斤
齐达利,山东聊城市莘县,0.3元/斤
普罗旺斯,云南大理白族自治州宾川县,2元/斤
普罗旺斯,云南大理白族自治州宾川县,5.98元/斤
普罗旺斯,云南大理白族自治州宾川县,3.5元/斤
普罗旺斯,云南大理白族自治州宾川县,3元/斤
普罗旺斯,云南大理白族自治州宾川县,2.93元/斤
普罗旺斯,云南大理白族自治州宾川县,5.87元/斤
普罗旺斯,云南大理白族自治州宾川县,3元/斤
普罗旺斯,云南大理白族自治州宾川县,5.15元/斤
普罗旺斯,云南大理白族自治州宾川县,6元/斤
普罗旺斯,云南大理白族自治州宾川县,2.99元/斤
普罗旺斯,云南大理白族自治州宾川县,2.09元/斤
普罗旺斯,云南大理白族自治州宾川县,5.25元/斤
普罗旺斯,云南大理白族自治州宾川县,2.06元/斤
普罗旺斯,云南大理白族自治州宾川县,4.27元/斤
普罗旺斯,云南大理白族自治州宾川县,2.64元/斤
粉果番茄,四川攀枝花市东区,0.85元/斤
粉果番茄,四川攀枝花市东区,0.9元/斤
粉果番茄,四川攀枝花市东区,1.3元/斤
粉果番茄,四川攀枝花市东区,1元/斤
粉果番茄,四川攀枝花市东区,1.1元/斤
粉果番茄,四川攀枝花市东区,3.83元/斤
粉果番茄,四川攀枝花市东区,6元/斤
粉果番茄,四川攀枝花市东区,0.88元/斤
粉果番茄,四川攀枝花市东区,0.5元/斤
粉果番茄,四川攀枝花市东区,1.03元/斤
粉果番茄,四川攀枝花市东区,2元/斤
粉果番茄,四川攀枝花市东区,1.64元/斤
粉果番茄,四川攀枝花市东区,1.6元/斤
粉果番茄,四川攀枝花市东区,1.15元/斤
粉果番茄,四川攀枝花市东区,4.97元/斤
铁柿子,广东广州市白云区,4.29元/斤
铁柿子,广东广州市白云区,3元/斤
铁柿子,广东广州市白云区,5.5元/斤
铁柿子,广东广州市白云区,6元/斤
铁柿子,广东广州市白云区,5.57元/斤
铁柿子,广东广州市白云区,5元/斤
铁柿子,广东广州市白云区,4元/斤
铁柿子,广东广州市白云区,3.74元/斤
铁柿子,广东广州市白云区,0.5元/斤
铁柿子,广东广州市白云区,6元/斤
铁柿子,广东广州市白云区,4元/斤
铁柿子,广东广州市白云区,4.5元/斤
铁柿子,广东广州市白云区,3.5元/斤
铁柿子,广东广州市白云区,4.25元/斤
铁柿子,广东广州市白云区,3.5元/斤
树番茄,云南文山壮族苗族自治州麻栗坡县,5.5元/斤
硬粉西红柿,辽宁朝阳市凌源市,1.1元/斤
硬粉西红柿,辽宁朝阳市凌源市,1.5元/斤
硬粉西红柿,辽宁朝阳市凌源市,0.59元/斤
硬粉西红柿,辽宁朝阳市凌源市,3元/斤
硬粉西红柿,辽宁朝阳市凌源市,0.9元/斤
硬粉西红柿,辽宁朝阳市凌源市,1.34元/斤
硬粉西红柿,辽宁朝阳市凌源市,1.44元/斤
硬粉西红柿,辽宁朝阳市凌源市,1元/斤
硬粉西红柿,辽宁朝阳市凌源市,0.55元/斤
硬粉西红柿,辽宁朝阳市凌源市,2.2元/斤
硬粉西红柿,辽宁朝阳市凌源市,1.6元/斤
硬粉西红柿,辽宁朝阳市凌源市,2.25元/斤
硬粉西红柿,辽宁朝阳市凌源市,1.25元/斤
硬粉西红柿,辽宁朝阳市凌源市,1.4元/斤
硬粉西红柿,辽宁朝阳市凌源市,1.3元/斤
毛粉西红柿,云南楚雄彝族自治州元谋县,2.5元/斤
毛粉西红柿,云南楚雄彝族自治州元谋县,1.5元/斤
毛粉西红柿,云南楚雄彝族自治州元谋县,1.19元/斤
毛粉西红柿,云南楚雄彝族自治州元谋县,3元/斤
青茄,广东湛江市徐闻县,0.6元/斤
青茄,广东湛江市徐闻县,1.05元/斤
青茄,广东湛江市徐闻县,0.6元/斤
青茄,广东湛江市徐闻县,0.8元/斤
青茄,广东湛江市徐闻县,0.7元/斤
青茄,广东湛江市徐闻县,0.63元/斤
青茄,广东湛江市徐闻县,0.62元/斤
青茄,广东湛江市徐闻县,1元/斤
黑圆茄,广东湛江市徐闻县,0.6元/斤
黑圆茄,广东湛江市徐闻县,0.9元/斤
黑圆茄,广东湛江市徐闻县,0.75元/斤
黑圆茄,广东湛江市徐闻县,0.47元/斤
黑圆茄,广东湛江市徐闻县,0.8元/斤
黑圆茄,广东湛江市徐闻县,0.62元/斤
黑圆茄,广东湛江市徐闻县,0.53元/斤
黑圆茄,广东湛江市徐闻县,0.5元/斤
黑圆茄,广东湛江市徐闻县,0.5元/斤
黑圆茄,广东湛江市徐闻县,1元/斤
圆茄,甘肃白银市靖远县,0.4元/斤
圆茄,甘肃白银市靖远县,0.88元/斤
圆茄,甘肃白银市靖远县,0.88元/斤
圆茄,甘肃白银市靖远县,0.74元/斤
圆茄,甘肃白银市靖远县,0.53元/斤
圆茄,甘肃白银市靖远县,1.2元/斤
圆茄,甘肃白银市靖远县,0.74元/斤
圆茄,甘肃白银市靖远县,0.55元/斤
圆茄,甘肃白银市靖远县,0.61元/斤
圆茄,甘肃白银市靖远县,0.4元/斤
圆茄,甘肃白银市靖远县,0.45元/斤
圆茄,甘肃白银市靖远县,0.9元/斤
圆茄,甘肃白银市靖远县,1.2元/斤
线茄,广西南宁市江南区,0.7元/斤
线茄,广西南宁市江南区,0.5元/斤
线茄,广西南宁市江南区,1.13元/斤
线茄,广西南宁市江南区,0.9元/斤
线茄,广西南宁市江南区,0.8元/斤
线茄,广西南宁市江南区,1元/斤
白茄子,贵州安顺市关岭布依族苗族自治县,0.5元/斤
白茄子,贵州安顺市关岭布依族苗族自治县,0.75元/斤
黑长茄,云南昆明市晋宁区,0.63元/斤
黑长茄,云南昆明市晋宁区,1.2元/斤
黑长茄,云南昆明市晋宁区,1元/斤
黑长茄,云南昆明市晋宁区,0.65元/斤
黑长茄,云南昆明市晋宁区,0.74元/斤
黑长茄,云南昆明市晋宁区,0.6元/斤
黑长茄,云南昆明市晋宁区,0.79元/斤
黑长茄,云南昆明市晋宁区,0.6元/斤
黑长茄,云南昆明市晋宁区,0.85元/斤
黑长茄,云南昆明市晋宁区,0.6元/斤
黑长茄,云南昆明市晋宁区,0.47元/斤
黑长茄,云南昆明市晋宁区,0.4元/斤
黑长茄,云南昆明市晋宁区,0.53元/斤
黑长茄,云南昆明市晋宁区,0.6元/斤
黑长茄,云南昆明市晋宁区,0.9元/斤
紫长茄,广东惠州市博罗县,1元/斤
紫长茄,广东惠州市博罗县,0.6元/斤
紫长茄,广东惠州市博罗县,0.6元/斤
紫长茄,广东惠州市博罗县,0.5元/斤
紫长茄,广东惠州市博罗县,0.6元/斤
紫长茄,广东惠州市博罗县,0.3元/斤
紫长茄,广东惠州市博罗县,0.85元/斤
紫长茄,广东惠州市博罗县,1.1元/斤
紫长茄,广东惠州市博罗县,0.6元/斤
紫长茄,广东惠州市博罗县,0.37元/斤
紫长茄,广东惠州市博罗县,0.9元/斤
紫长茄,广东惠州市博罗县,0.5元/斤
紫长茄,广东惠州市博罗县,0.54元/斤
紫长茄,广东惠州市博罗县,1元/斤
紫长茄,广东惠州市博罗县,0.8元/斤
黄秋葵,海南乐东黎族自治县乐东黎族自治县,3元/斤
黄秋葵,海南乐东黎族自治县乐东黎族自治县,7.33元/斤
黄秋葵,海南乐东黎族自治县乐东黎族自治县,7.9元/斤
黄秋葵,海南乐东黎族自治县乐东黎族自治县,2.67元/斤
黄秋葵,海南乐东黎族自治县乐东黎族自治县,7.33元/斤
黄秋葵,海南乐东黎族自治县乐东黎族自治县,7元/斤
水果秋葵,福建漳州市龙文区,8.8元/斤
水果秋葵,福建漳州市龙文区,8.92元/斤
红秋葵,吉林长春市二道区,9元/斤
水果玉米,山东潍坊市寿光市,1.23元/斤
水果玉米,山东潍坊市寿光市,0.7元/斤
水果玉米,山东潍坊市寿光市,0.7元/斤
水果玉米,山东潍坊市寿光市,0.88元/斤
水果玉米,山东潍坊市寿光市,1.3元/斤
水果玉米,山东潍坊市寿光市,3.5元/斤
水果玉米,山东潍坊市寿光市,2元/斤
水果玉米,山东潍坊市寿光市,1.2元/斤
水果玉米,山东潍坊市寿光市,1.1元/斤
水果玉米,山东潍坊市寿光市,0.7元/斤
水果玉米,山东潍坊市寿光市,1.5元/斤
水果玉米,山东潍坊市寿光市,0.6元/斤
水果玉米,山东潍坊市寿光市,0.96元/斤
水果玉米,山东潍坊市寿光市,0.8元/斤
水果玉米,山东潍坊市寿光市,1.3元/斤
甜玉米,江西南昌市新建区,2.15元/斤
甜玉米,江西南昌市新建区,4.67元/斤
甜玉米,江西南昌市新建区,4.06元/斤
甜玉米,江西南昌市新建区,0.6元/斤
甜玉米,江西南昌市新建区,2.2元/斤
甜玉米,江西南昌市新建区,2.5元/斤
甜玉米,江西南昌市新建区,1.2元/斤
甜玉米,江西南昌市新建区,3.76元/斤
甜玉米,江西南昌市新建区,0.92元/斤
甜玉米,江西南昌市新建区,2.5元/斤
甜玉米,江西南昌市新建区,0.8元/斤
甜玉米,江西南昌市新建区,1.5元/斤
甜玉米,江西南昌市新建区,0.6元/斤
甜玉米,江西南昌市新建区,1.04元/斤
甜玉米,江西南昌市新建区,1.5元/斤
糯玉米,山东潍坊市青州市,1元/斤
糯玉米,山东潍坊市青州市,0.89元/斤
糯玉米,山东潍坊市青州市,0.95元/斤
糯玉米,山东潍坊市青州市,3.56元/斤
糯玉米,山东潍坊市青州市,2.79元/斤
糯玉米,山东潍坊市青州市,1.5元/斤
糯玉米,山东潍坊市青州市,1.13元/斤
糯玉米,山东潍坊市青州市,0.6元/斤
糯玉米,山东潍坊市青州市,1元/斤
糯玉米,山东潍坊市青州市,0.6元/斤
糯玉米,山东潍坊市青州市,0.8元/斤
糯玉米,山东潍坊市青州市,1.8元/斤
糯玉米,山东潍坊市青州市,0.85元/斤
糯玉米,山东潍坊市青州市,1.2元/斤
糯玉米,山东潍坊市青州市,2.2元/斤
黑玉米,广东揭阳市榕城区,2.8元/斤
毛豆荚,广西玉林市博白县,1.6元/斤
毛豆荚,广西玉林市博白县,1.38元/斤
毛豆荚,广西玉林市博白县,1.54元/斤
毛豆荚,广西玉林市博白县,1元/斤
毛豆荚,广西玉林市博白县,1.1元/斤
毛豆荚,广西玉林市博白县,1.75元/斤
毛豆荚,广西玉林市博白县,1.94元/斤
毛豆荚,广西玉林市博白县,1.6元/斤
毛豆荚,广西玉林市博白县,1.12元/斤
毛豆荚,广西玉林市博白县,1元/斤
毛豆荚,广西玉林市博白县,1.3元/斤
毛豆荚,广西玉林市博白县,1.3元/斤
毛豆荚,广西玉林市博白县,1元/斤
毛豆荚,广西玉林市博白县,1.4元/斤
毛豆荚,广西玉林市博白县,1.5元/斤
毛豆仁,重庆市开州区,1.5元/斤
白花四季豆,四川凉山彝族自治州会理市,2.3元/斤
白花四季豆,四川凉山彝族自治州会理市,2元/斤
白花四季豆,四川凉山彝族自治州会理市,1.2元/斤
白花四季豆,四川凉山彝族自治州会理市,1.5元/斤
白花四季豆,四川凉山彝族自治州会理市,1元/斤
白花四季豆,四川凉山彝族自治州会理市,1.1元/斤
白花四季豆,四川凉山彝族自治州会理市,1.8元/斤
白花四季豆,四川凉山彝族自治州会理市,1.46元/斤
白花四季豆,四川凉山彝族自治州会理市,1.6元/斤
白花四季豆,四川凉山彝族自治州会理市,2.55元/斤
白花四季豆,四川凉山彝族自治州会理市,1元/斤
白花四季豆,四川凉山彝族自治州会理市,1.77元/斤
白花四季豆,四川凉山彝族自治州会理市,2元/斤
白花四季豆,四川凉山彝族自治州会理市,2.88元/斤
白花四季豆,四川凉山彝族自治州会理市,1.15元/斤
根芹,吉林吉林市龙潭区,2.81元/斤
青头菌,陕西汉中市略阳县,65元/斤
青头菌,陕西汉中市略阳县,45元/斤
青头菌,陕西汉中市略阳县,37.25元/斤
青头菌,陕西汉中市略阳县,44.64元/斤
青头菌,陕西汉中市略阳县,45元/斤
青头菌,陕西汉中市略阳县,75元/斤
青头菌,陕西汉中市略阳县,36.33元/斤
青头菌,陕西汉中市略阳县,93.33元/斤
青头菌,陕西汉中市略阳县,65元/斤
青头菌,陕西汉中市略阳县,79.5元/斤
青头菌,陕西汉中市略阳县,105.9元/斤
菱角,广东潮州市饶平县,9.23元/斤
菱角,广东潮州市饶平县,2元/斤
菱角,广东潮州市饶平县,4.99元/斤
菱角,广东潮州市饶平县,5.4元/斤
菱角,广东潮州市饶平县,3元/斤
菱角,广东潮州市饶平县,6元/斤
菱角,广东潮州市饶平县,2元/斤
菱角,广东潮州市饶平县,2.6元/斤
菱角,广东潮州市饶平县,3.8元/斤
菱角,广东潮州市饶平县,7.9元/斤
菱角,广东潮州市饶平县,10.75元/斤
菱角,广东潮州市饶平县,2.77元/斤
菱角,广东潮州市饶平县,4.17元/斤
菱角,广东潮州市饶平县,2.67元/斤
菱角,广东潮州市饶平县,3元/斤
豆角,广西南宁市江南区,1.5元/斤
豆角,广西南宁市江南区,2元/斤
豆角,广西南宁市江南区,1.67元/斤
豆角,广西南宁市江南区,1.8元/斤
豆角,广西南宁市江南区,1元/斤
豆角,广西南宁市江南区,1.43元/斤
豆角,广西南宁市江南区,1.3元/斤
豆角,广西南宁市江南区,1元/斤
豆角,广西南宁市江南区,1.25元/斤
豆角,广西南宁市江南区,1.8元/斤
豆角,广西南宁市江南区,1.56元/斤
豆角,广西南宁市江南区,2元/斤
豆角,广西南宁市江南区,1.5元/斤
豆角,广西南宁市江南区,1.2元/斤
豆角,广西南宁市江南区,1.5元/斤
豆瓣菜,贵州黔东南苗族侗族自治州麻江县,2.19元/斤
毛薯,海南澄迈县澄迈县,2元/斤
毛薯,海南澄迈县澄迈县,3元/斤
毛薯,海南澄迈县澄迈县,4.05元/斤
毛薯,海南澄迈县澄迈县,1.6元/斤
毛薯,海南澄迈县澄迈县,2.5元/斤
毛薯,海南澄迈县澄迈县,5.8元/斤
白花四季豆,四川凉山彝族自治州会理市,2.3元/斤
白花四季豆,四川凉山彝族自治州会理市,2元/斤
白花四季豆,四川凉山彝族自治州会理市,1.2元/斤
白花四季豆,四川凉山彝族自治州会理市,1.5元/斤
白花四季豆,四川凉山彝族自治州会理市,1元/斤
白花四季豆,四川凉山彝族自治州会理市,1.1元/斤
白花四季豆,四川凉山彝族自治州会理市,1.8元/斤
白花四季豆,四川凉山彝族自治州会理市,1.46元/斤
白花四季豆,四川凉山彝族自治州会理市,1.6元/斤
白花四季豆,四川凉山彝族自治州会理市,2.55元/斤
白花四季豆,四川凉山彝族自治州会理市,1元/斤
白花四季豆,四川凉山彝族自治州会理市,1.77元/斤
白花四季豆,四川凉山彝族自治州会理市,2元/斤
白花四季豆,四川凉山彝族自治州会理市,2.88元/斤
白花四季豆,四川凉山彝族自治州会理市,1.15元/斤
根芹,吉林吉林市龙潭区,2.81元/斤
青头菌,陕西汉中市略阳县,65元/斤
青头菌,陕西汉中市略阳县,45元/斤
青头菌,陕西汉中市略阳县,37.25元/斤
青头菌,陕西汉中市略阳县,44.64元/斤
青头菌,陕西汉中市略阳县,45元/斤
青头菌,陕西汉中市略阳县,75元/斤
青头菌,陕西汉中市略阳县,36.33元/斤
青头菌,陕西汉中市略阳县,93.33元/斤
青头菌,陕西汉中市略阳县,65元/斤
青头菌,陕西汉中市略阳县,79.5元/斤
青头菌,陕西汉中市略阳县,105.9元/斤
菱角,广东潮州市饶平县,9.23元/斤
菱角,广东潮州市饶平县,2元/斤
菱角,广东潮州市饶平县,4.99元/斤
菱角,广东潮州市饶平县,5.4元/斤
菱角,广东潮州市饶平县,3元/斤
菱角,广东潮州市饶平县,6元/斤
菱角,广东潮州市饶平县,2元/斤
菱角,广东潮州市饶平县,2.6元/斤
菱角,广东潮州市饶平县,3.8元/斤
菱角,广东潮州市饶平县,7.9元/斤
菱角,广东潮州市饶平县,10.75元/斤
菱角,广东潮州市饶平县,2.77元/斤
菱角,广东潮州市饶平县,4.17元/斤
菱角,广东潮州市饶平县,2.67元/斤
菱角,广东潮州市饶平县,3元/斤
豆角,广西南宁市江南区,1.5元/斤
豆角,广西南宁市江南区,2元/斤
豆角,广西南宁市江南区,1.67元/斤
豆角,广西南宁市江南区,1.8元/斤
豆角,广西南宁市江南区,1元/斤
豆角,广西南宁市江南区,1.43元/斤
豆角,广西南宁市江南区,1.3元/斤
豆角,广西南宁市江南区,1元/斤
豆角,广西南宁市江南区,1.25元/斤
豆角,广西南宁市江南区,1.8元/斤
豆角,广西南宁市江南区,1.56元/斤
豆角,广西南宁市江南区,2元/斤
豆角,广西南宁市江南区,1.5元/斤
豆角,广西南宁市江南区,1.2元/斤
豆角,广西南宁市江南区,1.5元/斤
豆瓣菜,贵州黔东南苗族侗族自治州麻江县,2.19元/斤
毛薯,海南澄迈县澄迈县,2元/斤
毛薯,海南澄迈县澄迈县,3元/斤
毛薯,海南澄迈县澄迈县,4.05元/斤
毛薯,海南澄迈县澄迈县,1.6元/斤
毛薯,海南澄迈县澄迈县,2.5元/斤
毛薯,海南澄迈县澄迈县,5.8元/斤
沙姜,广西玉林市福绵区,14元/斤
沙姜,广西玉林市福绵区,14.27元/斤
沙姜,广西玉林市福绵区,16.06元/斤
沙姜,广西玉林市福绵区,11.19元/斤
沙姜,广西玉林市福绵区,10.67元/斤
沙姜,广西玉林市福绵区,3.5元/斤
沙姜,广西玉林市福绵区,12元/斤
沙姜,广西玉林市福绵区,4.83元/斤
沙姜,广西玉林市福绵区,4.02元/斤
沙姜,广西玉林市福绵区,13.16元/斤
沙姜,广西玉林市福绵区,17元/斤
佛手瓜藤尖,云南昆明市东川区,0.6元/斤
佛手瓜藤尖,云南昆明市东川区,3.5元/斤
佛手瓜藤尖,云南昆明市东川区,5元/斤
荷兰豆,云南大理白族自治州宾川县,4元/斤
荷兰豆,云南大理白族自治州宾川县,4元/斤
荷兰豆,云南大理白族自治州宾川县,4.3元/斤
荷兰豆,云南大理白族自治州宾川县,3元/斤
荷兰豆,云南大理白族自治州宾川县,3元/斤
荷兰豆,云南大理白族自治州宾川县,4.3元/斤
荷兰豆,云南大理白族自治州宾川县,5元/斤
荷兰豆,云南大理白族自治州宾川县,4元/斤
荷兰豆,云南大理白族自治州宾川县,6.17元/斤
珊瑚菜,山东日照市岚山区,10元/斤
鸡油菌,贵州黔西南布依族苗族自治州晴隆县,31元/斤
鸡油菌,贵州黔西南布依族苗族自治州晴隆县,30.25元/斤
鸡油菌,贵州黔西南布依族苗族自治州晴隆县,36.63元/斤
鸡油菌,贵州黔西南布依族苗族自治州晴隆县,28.42元/斤
鸡油菌,贵州黔西南布依族苗族自治州晴隆县,47元/斤
鸡油菌,贵州黔西南布依族苗族自治州晴隆县,29.86元/斤
鸡油菌,贵州黔西南布依族苗族自治州晴隆县,32元/斤
鸡油菌,贵州黔西南布依族苗族自治州晴隆县,30元/斤
鸡油菌,贵州黔西南布依族苗族自治州晴隆县,52.5元/斤
鸡油菌,贵州黔西南布依族苗族自治州晴隆县,45元/斤
鸡油菌,贵州黔西南布依族苗族自治州晴隆县,55元/斤
鸡油菌,贵州黔西南布依族苗族自治州晴隆县,32元/斤
鸡油菌,贵州黔西南布依族苗族自治州晴隆县,43元/斤
鸡油菌,贵州黔西南布依族苗族自治州晴隆县,29元/斤
鸡油菌,贵州黔西南布依族苗族自治州晴隆县,40元/斤
圆茄,河北邯郸市曲周县,0.7元/斤
圆茄,河北邯郸市曲周县,0.7元/斤
圆茄,河北邯郸市曲周县,0.3元/斤
圆茄,河北邯郸市曲周县,0.95元/斤
圆茄,河北邯郸市曲周县,0.76元/斤
圆茄,河北邯郸市曲周县,1元/斤
圆茄,河北邯郸市曲周县,0.45元/斤
圆茄,河北邯郸市曲周县,0.49元/斤
圆茄,河北邯郸市曲周县,0.7元/斤
圆茄,河北邯郸市曲周县,1元/斤
圆茄,河北邯郸市曲周县,1元/斤
圆茄,河北邯郸市曲周县,0.5元/斤
圆茄,河北邯郸市曲周县,0.4元/斤
圆茄,河北邯郸市曲周县,0.88元/斤
圆茄,河北邯郸市曲周县,0.88元/斤
松蘑,吉林白山市临江市,26.75元/斤
松蘑,吉林白山市临江市,28.67元/斤
松蘑,吉林白山市临江市,36元/斤
松蘑,吉林白山市临江市,30元/斤
松蘑,吉林白山市临江市,50元/斤
松蘑,吉林白山市临江市,29元/斤
狗爪豆,广西贵港市港南区,21.9元/斤
狗爪豆,广西贵港市港南区,5元/斤
滑子菇,贵州黔西南布依族苗族自治州晴隆县,30.4元/斤
滑子菇,贵州黔西南布依族苗族自治州晴隆县,32元/斤
滑子菇,贵州黔西南布依族苗族自治州晴隆县,35元/斤
滑子菇,贵州黔西南布依族苗族自治州晴隆县,42.5元/斤
滑子菇,贵州黔西南布依族苗族自治州晴隆县,37.01元/斤
滑子菇,贵州黔西南布依族苗族自治州晴隆县,32.33元/斤
滑子菇,贵州黔西南布依族苗族自治州晴隆县,35.83元/斤
滑子菇,贵州黔西南布依族苗族自治州晴隆县,38元/斤
滑子菇,贵州黔西南布依族苗族自治州晴隆县,28元/斤
广芋,贵州黔东南苗族侗族自治州锦屏县,5.5元/斤
柳叶空心菜,四川成都市新都区,1.5元/斤
柳叶空心菜,四川成都市新都区,1.5元/斤
柳叶空心菜,四川成都市新都区,1元/斤
柳叶空心菜,四川成都市新都区,1.5元/斤
柳叶空心菜,四川成都市新都区,1.5元/斤
柳叶空心菜,四川成都市新都区,1元/斤
柳叶空心菜,四川成都市新都区,1.5元/斤
柳叶空心菜,四川成都市新都区,1.5元/斤
柳叶空心菜,四川成都市新都区,1.36元/斤
柳叶空心菜,四川成都市新都区,1.2元/斤
柳叶空心菜,四川成都市新都区,1.2元/斤
柳叶空心菜,四川成都市新都区,1.28元/斤
黄瓜花,山东潍坊市寿光市,7.3元/斤
龙爪菇,云南昆明市东川区,14元/斤
龙爪菇,云南昆明市东川区,13元/斤
龙爪菇,云南昆明市东川区,14元/斤
辣椒,福建漳州市诏安县,0.7元/斤
辣椒,福建漳州市诏安县,1.5元/斤
辣椒,福建漳州市诏安县,1元/斤
辣椒,福建漳州市诏安县,1.2元/斤
辣椒,福建漳州市诏安县,1.75元/斤
辣椒,福建漳州市诏安县,2元/斤
辣椒,福建漳州市诏安县,0.6元/斤
辣椒,福建漳州市诏安县,1.5元/斤
辣椒,福建漳州市诏安县,2元/斤
辣椒,福建漳州市诏安县,0.91元/斤
辣椒,福建漳州市诏安县,0.8元/斤
辣椒,福建漳州市诏安县,1.55元/斤
辣椒,福建漳州市诏安县,0.97元/斤
辣椒,福建漳州市诏安县,1.6元/斤
辣椒,福建漳州市诏安县,1.75元/斤
山药豆,湖南长沙市芙蓉区,1.1元/斤
山药豆,湖南长沙市芙蓉区,9.38元/斤
山药豆,湖南长沙市芙蓉区,5.46元/斤
山药豆,湖南长沙市芙蓉区,0.78元/斤
山药豆,湖南长沙市芙蓉区,2.2元/斤
山药豆,湖南长沙市芙蓉区,0.7元/斤
山药豆,湖南长沙市芙蓉区,2.5元/斤
山药豆,湖南长沙市芙蓉区,4.23元/斤
山药豆,湖南长沙市芙蓉区,4.14元/斤
嫩豆苗,福建宁德市古田县,34.67元/斤
洋蓟,广西崇左市宁明县,39元/斤
洋蓟,广西崇左市宁明县,32元/斤
茴香头,云南普洱市思茅区,3元/斤
茴香头,云南普洱市思茅区,19元/斤
芹芽,江苏南京市六合区,9.5元/斤
杜瓜,山东烟台市海阳市,2.3元/斤
青蒿,安徽滁州市凤阳县,1.3元/斤
青蒿,安徽滁州市凤阳县,6元/斤
肉丝瓜,福建漳州市龙文区,1元/斤
肉丝瓜,福建漳州市龙文区,1元/斤
肉丝瓜,福建漳州市龙文区,1.3元/斤
肉丝瓜,福建漳州市龙文区,1.8元/斤
肉丝瓜,福建漳州市龙文区,1.06元/斤
肉丝瓜,福建漳州市龙文区,1.5元/斤
肉丝瓜,福建漳州市龙文区,1.5元/斤
肉丝瓜,福建漳州市龙文区,1.5元/斤
肉丝瓜,福建漳州市龙文区,0.85元/斤
肉丝瓜,福建漳州市龙文区,1.8元/斤
肉丝瓜,福建漳州市龙文区,1.05元/斤
肉丝瓜,福建漳州市龙文区,1元/斤
肉丝瓜,福建漳州市龙文区,1.22元/斤
肉丝瓜,福建漳州市龙文区,1.1元/斤
肉丝瓜,福建漳州市龙文区,1.1元/斤
芝麻叶,广西玉林市玉州区,12元/斤
芝麻叶,广西玉林市玉州区,15元/斤
芝麻叶,广西玉林市玉州区,15元/斤
芝麻叶,广西玉林市玉州区,6.67元/斤
香葱头,云南大理白族自治州弥渡县,7.5元/斤
香葱头,云南大理白族自治州弥渡县,4.88元/斤
香葱头,云南大理白族自治州弥渡县,6.96元/斤
香葱头,云南大理白族自治州弥渡县,5.73元/斤
香葱头,云南大理白族自治州弥渡县,4.5元/斤
香葱头,云南大理白族自治州弥渡县,5.23元/斤
香葱头,云南大理白族自治州弥渡县,4元/斤
香葱头,云南大理白族自治州弥渡县,5元/斤
香葱头,云南大理白族自治州弥渡县,5.88元/斤
香葱头,云南大理白族自治州弥渡县,4.77元/斤
香葱头,云南大理白族自治州弥渡县,5.2元/斤
香葱头,云南大理白族自治州弥渡县,5.69元/斤
香葱头,云南大理白族自治州弥渡县,5元/斤
香葱头,云南大理白族自治州弥渡县,6元/斤
元蘑,黑龙江牡丹江市海林市,50元/斤
元蘑,黑龙江牡丹江市海林市,66.8元/斤
元蘑,黑龙江牡丹江市海林市,56元/斤
马勃菇,云南普洱市思茅区,23元/斤
花椒芽,甘肃陇南市武都区,12元/斤
虎奶菇,广东广州市荔湾区,80元/斤
虎奶菇,广东广州市荔湾区,127.33元/斤
虎奶菇,广东广州市荔湾区,217.6元/斤
虎奶菇,广东广州市荔湾区,204.55元/斤
刀豆,广西玉林市玉州区,19.54元/斤
刀豆,广西玉林市玉州区,16元/斤
板薯,重庆市酉阳土家族苗族自治县,0.8元/斤
板薯,重庆市酉阳土家族苗族自治县,3.5元/斤
板薯,重庆市酉阳土家族苗族自治县,5.54元/斤
板薯,重庆市酉阳土家族苗族自治县,4.73元/斤
板薯,重庆市酉阳土家族苗族自治县,2.5元/斤
板薯,重庆市酉阳土家族苗族自治县,0.65元/斤
板薯,重庆市酉阳土家族苗族自治县,2.5元/斤
板薯,重庆市酉阳土家族苗族自治县,6.8元/斤
板薯,重庆市酉阳土家族苗族自治县,5.25元/斤
板薯,重庆市酉阳土家族苗族自治县,4.5元/斤
地皮菜,宁夏吴忠市同心县,35元/斤
地皮菜,宁夏吴忠市同心县,27.29元/斤
地皮菜,宁夏吴忠市同心县,32.67元/斤
地皮菜,宁夏吴忠市同心县,26.33元/斤
地皮菜,宁夏吴忠市同心县,23.71元/斤
地皮菜,宁夏吴忠市同心县,24.5元/斤
地皮菜,宁夏吴忠市同心县,26元/斤
地皮菜,宁夏吴忠市同心县,38.8元/斤
地皮菜,宁夏吴忠市同心县,25元/斤
地皮菜,宁夏吴忠市同心县,39元/斤
地皮菜,宁夏吴忠市同心县,30.33元/斤
地皮菜,宁夏吴忠市同心县,22元/斤
地皮菜,宁夏吴忠市同心县,35.94元/斤
南瓜藤,安徽亳州市谯城区,11.67元/斤
南瓜藤,安徽亳州市谯城区,12元/斤
铆钉菇,辽宁朝阳市喀喇沁左翼蒙古族自治县,97.5元/斤
铆钉菇,辽宁朝阳市喀喇沁左翼蒙古族自治县,68.75元/斤
桑芽,广东东莞市东莞市,9元/斤
桑芽,广东东莞市东莞市,5.2元/斤
桑芽,广东东莞市东莞市,6.26元/斤
桑芽,广东东莞市东莞市,4.6元/斤
桑芽,广东东莞市东莞市,5元/斤
白玉豆,河北邯郸市丛台区,2元/斤
长寿菜,福建厦门市海沧区,6元/斤
长寿菜,福建厦门市海沧区,6元/斤
包菜,辽宁锦州市凌海市,0.2元/斤
包菜,辽宁锦州市凌海市,0.1元/斤
包菜,辽宁锦州市凌海市,0.24元/斤
包菜,辽宁锦州市凌海市,0.23元/斤
包菜,辽宁锦州市凌海市,0.23元/斤
包菜,辽宁锦州市凌海市,0.35元/斤
包菜,辽宁锦州市凌海市,0.32元/斤
包菜,辽宁锦州市凌海市,0.1元/斤
包菜,辽宁锦州市凌海市,0.25元/斤
包菜,辽宁锦州市凌海市,0.1元/斤
包菜,辽宁锦州市凌海市,0.2元/斤
包菜,辽宁锦州市凌海市,0.4元/斤
包菜,辽宁锦州市凌海市,0.3元/斤
包菜,辽宁锦州市凌海市,0.1元/斤
包菜,辽宁锦州市凌海市,0.2元/斤
山胡萝卜,山东青岛市平度市,10元/斤
山胡萝卜,山东青岛市平度市,10元/斤
山胡萝卜,山东青岛市平度市,0.3元/斤
西红柿,福建漳州市龙海区,1.4元/斤
西红柿,福建漳州市龙海区,1.65元/斤
西红柿,福建漳州市龙海区,1.13元/斤
西红柿,福建漳州市龙海区,1.46元/斤
西红柿,福建漳州市龙海区,1.5元/斤
西红柿,福建漳州市龙海区,2.5元/斤
西红柿,福建漳州市龙海区,1.4元/斤
西红柿,福建漳州市龙海区,2.5元/斤
西红柿,福建漳州市龙海区,1元/斤
西红柿,福建漳州市龙海区,3元/斤
西红柿,福建漳州市龙海区,1元/斤
西红柿,福建漳州市龙海区,2.33元/斤
西红柿,福建漳州市龙海区,1.84元/斤
西红柿,福建漳州市龙海区,1元/斤
西红柿,福建漳州市龙海区,3元/斤
北虫草,安徽亳州市谯城区,31元/斤
北虫草,安徽亳州市谯城区,42.25元/斤
北虫草,安徽亳州市谯城区,33.88元/斤
北虫草,安徽亳州市谯城区,35.15元/斤
北虫草,安徽亳州市谯城区,36.52元/斤
北虫草,安徽亳州市谯城区,34.86元/斤
北虫草,安徽亳州市谯城区,34.83元/斤
北虫草,安徽亳州市谯城区,37.88元/斤
北虫草,安徽亳州市谯城区,29.5元/斤
北虫草,安徽亳州市谯城区,37.13元/斤
北虫草,安徽亳州市谯城区,32.89元/斤
北虫草,安徽亳州市谯城区,35.4元/斤
北虫草,安徽亳州市谯城区,33元/斤
北虫草,安徽亳州市谯城区,34.67元/斤
北虫草,安徽亳州市谯城区,36.17元/斤
韭菜花,广东云浮市罗定市,9.75元/斤
韭菜花,广东云浮市罗定市,7.88元/斤
韭菜花,广东云浮市罗定市,9元/斤
韭菜花,广东云浮市罗定市,7元/斤
韭菜花,广东云浮市罗定市,6元/斤
韭菜花,广东云浮市罗定市,6元/斤
韭菜花,广东云浮市罗定市,8.5元/斤
菜瓜,江苏盐城市东台市,2.2元/斤
毛豆荚,福建漳州市漳浦县,1.45元/斤
毛豆荚,福建漳州市漳浦县,2元/斤
毛豆荚,福建漳州市漳浦县,1.61元/斤
毛豆荚,福建漳州市漳浦县,1元/斤
毛豆荚,福建漳州市漳浦县,1元/斤
毛豆荚,福建漳州市漳浦县,2元/斤
毛豆荚,福建漳州市漳浦县,2元/斤
毛豆荚,福建漳州市漳浦县,1.6元/斤
毛豆荚,福建漳州市漳浦县,1.38元/斤
毛豆荚,福建漳州市漳浦县,1.54元/斤
毛豆荚,福建漳州市漳浦县,1元/斤
毛豆荚,福建漳州市漳浦县,1.1元/斤
毛豆荚,福建漳州市漳浦县,1.75元/斤
毛豆荚,福建漳州市漳浦县,1.94元/斤
毛豆荚,福建漳州市漳浦县,1.6元/斤
芭蕉花,云南昭通市盐津县,123.64元/斤
葫芦,陕西汉中市勉县,1元/斤
葫芦,陕西汉中市勉县,168元/斤
葫芦,陕西汉中市勉县,97.93元/斤
葫芦,陕西汉中市勉县,0.5元/斤
葫芦,陕西汉中市勉县,15元/斤
葫芦,陕西汉中市勉县,50元/斤
海鲜菇,河南郑州市中牟县,5.31元/斤
海鲜菇,河南郑州市中牟县,23元/斤
海鲜菇,河南郑州市中牟县,20元/斤
豌豆苗,四川乐山市市中区,3元/斤
豌豆苗,四川乐山市市中区,5元/斤
豌豆苗,四川乐山市市中区,4.88元/斤
豌豆苗,四川乐山市市中区,4.8元/斤
豌豆苗,四川乐山市市中区,2.2元/斤
豌豆苗,四川乐山市市中区,3元/斤
豌豆苗,四川乐山市市中区,5元/斤
豌豆苗,四川乐山市市中区,4元/斤
豌豆苗,四川乐山市市中区,6元/斤
豌豆苗,四川乐山市市中区,5.98元/斤
豌豆苗,四川乐山市市中区,2.2元/斤
豌豆苗,四川乐山市市中区,2.3元/斤
豌豆苗,四川乐山市市中区,5元/斤
豌豆苗,四川乐山市市中区,2元/斤
豌豆苗,四川乐山市市中区,6元/斤
小叶茼蒿,山东潍坊市寒亭区,1.03元/斤
小叶茼蒿,山东潍坊市寒亭区,0.94元/斤
小叶茼蒿,山东潍坊市寒亭区,1.5元/斤
小叶茼蒿,山东潍坊市寒亭区,0.72元/斤
小叶茼蒿,山东潍坊市寒亭区,0.5元/斤
小叶茼蒿,山东潍坊市寒亭区,0.8元/斤
小叶茼蒿,山东潍坊市寒亭区,0.9元/斤
小叶茼蒿,山东潍坊市寒亭区,0.47元/斤
小叶茼蒿,山东潍坊市寒亭区,0.77元/斤
小叶茼蒿,山东潍坊市寒亭区,1元/斤
小叶茼蒿,山东潍坊市寒亭区,1.32元/斤
小叶茼蒿,山东潍坊市寒亭区,0.15元/斤
黄豆芽,天津市武清区,2元/斤
黄豆芽,天津市武清区,2.54元/斤
黄豆芽,天津市武清区,2元/斤
黄豆芽,天津市武清区,3.5元/斤
黄豆芽,天津市武清区,2.22元/斤
大葱,山东青岛市即墨区,1.25元/斤
大葱,山东青岛市即墨区,1.1元/斤
大葱,山东青岛市即墨区,1元/斤
大葱,山东青岛市即墨区,0.65元/斤
大葱,山东青岛市即墨区,1.5元/斤
大葱,山东青岛市即墨区,1.32元/斤
大葱,山东青岛市即墨区,0.6元/斤
大葱,山东青岛市即墨区,0.4元/斤
大葱,山东青岛市即墨区,0.8元/斤
大葱,山东青岛市即墨区,1.2元/斤
大葱,山东青岛市即墨区,0.6元/斤
大葱,山东青岛市即墨区,0.9元/斤
大葱,山东青岛市即墨区,1.5元/斤
大葱,山东青岛市即墨区,1元/斤
大葱,山东青岛市即墨区,0.5元/斤
萝卜菜,河南周口市郸城县,1.1元/斤
萝卜菜,河南周口市郸城县,0.2元/斤
日本冰草,江苏南通市通州区,12元/斤
日本冰草,江苏南通市通州区,3元/斤
日本冰草,江苏南通市通州区,2元/斤
日本冰草,江苏南通市通州区,1.02元/斤
日本冰草,江苏南通市通州区,2.5元/斤
鸡腿菇,河南濮阳市清丰县,33.88元/斤
鸡腿菇,河南濮阳市清丰县,35元/斤
白蚁谷堆伞,云南普洱市思茅区,70元/斤
木耳,四川成都市金牛区,24.67元/斤
木耳,四川成都市金牛区,50元/斤
木耳,四川成都市金牛区,45元/斤
木耳,四川成都市金牛区,22.5元/斤
木耳,四川成都市金牛区,20元/斤
木耳,四川成都市金牛区,32.4元/斤
木耳,四川成都市金牛区,40元/斤
木耳,四川成都市金牛区,50元/斤
木耳,四川成都市金牛区,23.83元/斤
木耳,四川成都市金牛区,18.3元/斤
木耳,四川成都市金牛区,42.33元/斤
木耳,四川成都市金牛区,45元/斤
木耳,四川成都市金牛区,12元/斤
木耳,四川成都市金牛区,14.28元/斤
木耳,四川成都市金牛区,12.88元/斤
红菜苔,湖北天门市天门市,1.2元/斤
红菜苔,湖北天门市天门市,2元/斤
红菜苔,湖北天门市天门市,0.55元/斤
红菜苔,湖北天门市天门市,2.5元/斤
红菜苔,湖北天门市天门市,0.5元/斤
红菜苔,湖北天门市天门市,0.72元/斤
红菜苔,湖北天门市天门市,0.6元/斤
红菜苔,湖北天门市天门市,0.63元/斤
红菜苔,湖北天门市天门市,0.75元/斤
红菜苔,湖北天门市天门市,0.72元/斤
红菜苔,湖北天门市天门市,0.55元/斤
红菜苔,湖北天门市天门市,1元/斤
红菜苔,湖北天门市天门市,0.63元/斤
红菜苔,湖北天门市天门市,2.5元/斤
红菜苔,湖北天门市天门市,1元/斤
白魔芋,湖北十堰市郧西县,3元/斤
白魔芋,湖北十堰市郧西县,4.5元/斤
白魔芋,湖北十堰市郧西县,5元/斤
白魔芋,湖北十堰市郧西县,5元/斤
白魔芋,湖北十堰市郧西县,3.35元/斤
白魔芋,湖北十堰市郧西县,4.77元/斤
白魔芋,湖北十堰市郧西县,3.5元/斤
白魔芋,湖北十堰市郧西县,4.1元/斤
白魔芋,湖北十堰市郧西县,3元/斤
白魔芋,湖北十堰市郧西县,5元/斤
白魔芋,湖北十堰市郧西县,3.13元/斤
白魔芋,湖北十堰市郧西县,3.6元/斤
白魔芋,湖北十堰市郧西县,7元/斤
白魔芋,湖北十堰市郧西县,4.5元/斤
白魔芋,湖北十堰市郧西县,3.5元/斤
鸡腿菇,河南濮阳市清丰县,33.88元/斤
鸡腿菇,河南濮阳市清丰县,35元/斤
鲜芡实,广西南宁市上林县,32.8元/斤
鲜芡实,广西南宁市上林县,64元/斤
鲜芡实,广西南宁市上林县,33元/斤
鲜芡实,广西南宁市上林县,38.78元/斤
鲜芡实,广西南宁市上林县,25元/斤
鲜芡实,广西南宁市上林县,20元/斤
鲜芡实,广西南宁市上林县,25元/斤
鲜芡实,广西南宁市上林县,31元/斤
鲜芡实,广西南宁市上林县,56.75元/斤
云南韭黄,云南红河哈尼族彝族自治州弥勒市,4.4元/斤
云南韭黄,云南红河哈尼族彝族自治州弥勒市,4.95元/斤
云南韭黄,云南红河哈尼族彝族自治州弥勒市,2.25元/斤
云南韭黄,云南红河哈尼族彝族自治州弥勒市,2.25元/斤
云南韭黄,云南红河哈尼族彝族自治州弥勒市,3.2元/斤
云南韭黄,云南红河哈尼族彝族自治州弥勒市,3元/斤
云南韭黄,云南红河哈尼族彝族自治州弥勒市,3.5元/斤
云南韭黄,云南红河哈尼族彝族自治州弥勒市,4.5元/斤
云南韭黄,云南红河哈尼族彝族自治州弥勒市,4.5元/斤
云南韭黄,云南红河哈尼族彝族自治州弥勒市,3.5元/斤
云南韭黄,云南红河哈尼族彝族自治州弥勒市,6.67元/斤
迷迭香,云南昆明市宜良县,10.5元/斤
迷迭香,云南昆明市宜良县,1.5元/斤
迷迭香,云南昆明市宜良县,5.73元/斤
迷迭香,云南昆明市宜良县,7.67元/斤
迷迭香,云南昆明市宜良县,6.63元/斤
迷迭香,云南昆明市宜良县,15元/斤
迷迭香,云南昆明市宜良县,9.05元/斤
迷迭香,云南昆明市宜良县,8.5元/斤
迷迭香,云南昆明市宜良县,1.25元/斤
香菇脚,陕西商洛市商南县,12.5元/斤
香菇脚,陕西商洛市商南县,9元/斤
香菇脚,陕西商洛市商南县,13.5元/斤
香菇脚,陕西商洛市商南县,11.45元/斤
香菇脚,陕西商洛市商南县,9.5元/斤
香菇脚,陕西商洛市商南县,12元/斤
香菇脚,陕西商洛市商南县,11.58元/斤
香菇脚,陕西商洛市商南县,10.33元/斤
香菇脚,陕西商洛市商南县,11.37元/斤
香菇脚,陕西商洛市商南县,13.25元/斤
救心菜,云南楚雄彝族自治州大姚县,3.83元/斤
救心菜,云南楚雄彝族自治州大姚县,3.25元/斤
救心菜,云南楚雄彝族自治州大姚县,3元/斤
救心菜,云南楚雄彝族自治州大姚县,5元/斤
救心菜,云南楚雄彝族自治州大姚县,25元/斤
救心菜,云南楚雄彝族自治州大姚县,31.33元/斤
救心菜,云南楚雄彝族自治州大姚县,20元/斤
救心菜,云南楚雄彝族自治州大姚县,2.5元/斤
救心菜,云南楚雄彝族自治州大姚县,20元/斤
救心菜,云南楚雄彝族自治州大姚县,30元/斤
救心菜,云南楚雄彝族自治州大姚县,23元/斤
西葫芦,宁夏中卫市沙坡头区,0.67元/斤
西葫芦,宁夏中卫市沙坡头区,0.3元/斤
西葫芦,宁夏中卫市沙坡头区,0.9元/斤
西葫芦,宁夏中卫市沙坡头区,1元/斤
西葫芦,宁夏中卫市沙坡头区,0.61元/斤
西葫芦,宁夏中卫市沙坡头区,1元/斤
西葫芦,宁夏中卫市沙坡头区,0.65元/斤
西葫芦,宁夏中卫市沙坡头区,0.67元/斤
西葫芦,宁夏中卫市沙坡头区,0.6元/斤
西葫芦,宁夏中卫市沙坡头区,0.56元/斤
西葫芦,宁夏中卫市沙坡头区,0.3元/斤
西葫芦,宁夏中卫市沙坡头区,0.9元/斤
西葫芦,宁夏中卫市沙坡头区,1元/斤
西葫芦,宁夏中卫市沙坡头区,0.5元/斤
西葫芦,宁夏中卫市沙坡头区,0.6元/斤
新鲜紫苏,湖南衡阳市衡东县,17.5元/斤
新鲜紫苏,湖南衡阳市衡东县,7元/斤
新鲜紫苏,湖南衡阳市衡东县,8元/斤
新鲜紫苏,湖南衡阳市衡东县,8元/斤
新鲜紫苏,湖南衡阳市衡东县,26元/斤
新鲜紫苏,湖南衡阳市衡东县,25元/斤
新鲜紫苏,湖南衡阳市衡东县,20元/斤
新鲜紫苏,湖南衡阳市衡东县,6.86元/斤
新鲜紫苏,湖南衡阳市衡东县,17.38元/斤
新鲜紫苏,湖南衡阳市衡东县,8元/斤
新鲜紫苏,湖南衡阳市衡东县,25元/斤
新鲜紫苏,湖南衡阳市衡东县,5元/斤
新鲜紫苏,湖南衡阳市衡东县,25元/斤
新鲜紫苏,湖南衡阳市衡东县,5元/斤
新鲜紫苏,湖南衡阳市衡东县,15.6元/斤
萝卜,山东泰安市肥城市,0.14元/斤
萝卜,山东泰安市肥城市,0.18元/斤
萝卜,山东泰安市肥城市,0.27元/斤
萝卜,山东泰安市肥城市,0.12元/斤
萝卜,山东泰安市肥城市,0.2元/斤
萝卜,山东泰安市肥城市,0.18元/斤
萝卜,山东泰安市肥城市,0.35元/斤
萝卜,山东泰安市肥城市,0.15元/斤
萝卜,山东泰安市肥城市,0.15元/斤
萝卜,山东泰安市肥城市,0.1元/斤
萝卜,山东泰安市肥城市,0.3元/斤
萝卜,山东泰安市肥城市,0.26元/斤
萝卜,山东泰安市肥城市,0.4元/斤
萝卜,山东泰安市肥城市,0.25元/斤
萝卜,山东泰安市肥城市,0.35元/斤
山野菜,云南普洱市思茅区,26元/斤
山野菜,云南普洱市思茅区,4元/斤
山野菜,云南普洱市思茅区,12.14元/斤
山野菜,云南普洱市思茅区,12.3元/斤
山野菜,云南普洱市思茅区,13.5元/斤
山野菜,云南普洱市思茅区,6元/斤
山野菜,云南普洱市思茅区,4元/斤
山野菜,云南普洱市思茅区,10元/斤
山野菜,云南普洱市思茅区,25元/斤
山野菜,云南普洱市思茅区,9元/斤
山野菜,云南普洱市思茅区,26元/斤
山野菜,云南普洱市思茅区,6元/斤
山野菜,云南普洱市思茅区,35元/斤
山野菜,云南普洱市思茅区,8.6元/斤
山野菜,云南普洱市思茅区,11.69元/斤
野蒜,陕西咸阳市秦都区,27.64元/斤
野蒜,陕西咸阳市秦都区,24.5元/斤
野蒜,陕西咸阳市秦都区,19元/斤
野蒜,陕西咸阳市秦都区,15元/斤
野蒜,陕西咸阳市秦都区,20元/斤
野蒜,陕西咸阳市秦都区,13.28元/斤
菊苣,山东济宁市嘉祥县,40元/斤
西葫芦,宁夏中卫市沙坡头区,0.67元/斤
西葫芦,宁夏中卫市沙坡头区,0.3元/斤
西葫芦,宁夏中卫市沙坡头区,0.9元/斤
西葫芦,宁夏中卫市沙坡头区,1元/斤
西葫芦,宁夏中卫市沙坡头区,0.61元/斤
西葫芦,宁夏中卫市沙坡头区,1元/斤
西葫芦,宁夏中卫市沙坡头区,0.65元/斤
西葫芦,宁夏中卫市沙坡头区,0.67元/斤
西葫芦,宁夏中卫市沙坡头区,0.6元/斤
西葫芦,宁夏中卫市沙坡头区,0.56元/斤
西葫芦,宁夏中卫市沙坡头区,0.3元/斤
西葫芦,宁夏中卫市沙坡头区,0.9元/斤
西葫芦,宁夏中卫市沙坡头区,1元/斤
西葫芦,宁夏中卫市沙坡头区,0.5元/斤
西葫芦,宁夏中卫市沙坡头区,0.6元/斤
新鲜紫苏,湖南衡阳市衡东县,17.5元/斤
新鲜紫苏,湖南衡阳市衡东县,7元/斤
新鲜紫苏,湖南衡阳市衡东县,8元/斤
新鲜紫苏,湖南衡阳市衡东县,8元/斤
新鲜紫苏,湖南衡阳市衡东县,26元/斤
新鲜紫苏,湖南衡阳市衡东县,25元/斤
新鲜紫苏,湖南衡阳市衡东县,20元/斤
新鲜紫苏,湖南衡阳市衡东县,6.86元/斤
新鲜紫苏,湖南衡阳市衡东县,17.38元/斤
新鲜紫苏,湖南衡阳市衡东县,8元/斤
新鲜紫苏,湖南衡阳市衡东县,25元/斤
新鲜紫苏,湖南衡阳市衡东县,5元/斤
新鲜紫苏,湖南衡阳市衡东县,25元/斤
新鲜紫苏,湖南衡阳市衡东县,5元/斤
新鲜紫苏,湖南衡阳市衡东县,15.6元/斤
萝卜,山东泰安市肥城市,0.14元/斤
萝卜,山东泰安市肥城市,0.18元/斤
萝卜,山东泰安市肥城市,0.27元/斤
萝卜,山东泰安市肥城市,0.12元/斤
萝卜,山东泰安市肥城市,0.2元/斤
萝卜,山东泰安市肥城市,0.18元/斤
萝卜,山东泰安市肥城市,0.35元/斤
萝卜,山东泰安市肥城市,0.15元/斤
萝卜,山东泰安市肥城市,0.15元/斤
萝卜,山东泰安市肥城市,0.1元/斤
萝卜,山东泰安市肥城市,0.3元/斤
萝卜,山东泰安市肥城市,0.26元/斤
萝卜,山东泰安市肥城市,0.4元/斤
萝卜,山东泰安市肥城市,0.25元/斤
萝卜,山东泰安市肥城市,0.35元/斤
山野菜,云南普洱市思茅区,26元/斤
山野菜,云南普洱市思茅区,4元/斤
山野菜,云南普洱市思茅区,12.14元/斤
山野菜,云南普洱市思茅区,12.3元/斤
山野菜,云南普洱市思茅区,13.5元/斤
山野菜,云南普洱市思茅区,6元/斤
山野菜,云南普洱市思茅区,4元/斤
山野菜,云南普洱市思茅区,10元/斤
山野菜,云南普洱市思茅区,25元/斤
山野菜,云南普洱市思茅区,9元/斤
山野菜,云南普洱市思茅区,26元/斤
山野菜,云南普洱市思茅区,6元/斤
山野菜,云南普洱市思茅区,35元/斤
山野菜,云南普洱市思茅区,8.6元/斤
山野菜,云南普洱市思茅区,11.69元/斤
野蒜,陕西咸阳市秦都区,27.64元/斤
野蒜,陕西咸阳市秦都区,24.5元/斤
野蒜,陕西咸阳市秦都区,19元/斤
野蒜,陕西咸阳市秦都区,15元/斤
野蒜,陕西咸阳市秦都区,20元/斤
野蒜,陕西咸阳市秦都区,13.28元/斤
菊苣,山东济宁市嘉祥县,40元/斤
贡菜,云南大理白族自治州永平县,33.58元/斤
贡菜,云南大理白族自治州永平县,35.5元/斤
贡菜,云南大理白族自治州永平县,28.21元/斤
贡菜,云南大理白族自治州永平县,38.34元/斤
贡菜,云南大理白族自治州永平县,29.22元/斤
贡菜,云南大理白族自治州永平县,26元/斤
贡菜,云南大理白族自治州永平县,30.25元/斤
贡菜,云南大理白族自治州永平县,36元/斤
贡菜,云南大理白族自治州永平县,30元/斤
贡菜,云南大理白族自治州永平县,38元/斤
贡菜,云南大理白族自治州永平县,35元/斤
贡菜,云南大理白族自治州永平县,31元/斤
贡菜,云南大理白族自治州永平县,38.5元/斤
贡菜,云南大理白族自治州永平县,32.16元/斤
贡菜,云南大理白族自治州永平县,31.82元/斤
鹿茸菇,广东广州市荔湾区,43元/斤
鹿茸菇,广东广州市荔湾区,47元/斤
鹿茸菇,广东广州市荔湾区,50.5元/斤
鹿茸菇,广东广州市荔湾区,45元/斤
鹿茸菇,广东广州市荔湾区,45元/斤
鹿茸菇,广东广州市荔湾区,57.5元/斤
鹿茸菇,广东广州市荔湾区,43.8元/斤
鹿茸菇,广东广州市荔湾区,46.85元/斤
鹿茸菇,广东广州市荔湾区,45.17元/斤
鹿茸菇,广东广州市荔湾区,45.08元/斤
鹿茸菇,广东广州市荔湾区,46元/斤
鹿茸菇,广东广州市荔湾区,42.7元/斤
鹿茸菇,广东广州市荔湾区,45元/斤
鹿茸菇,广东广州市荔湾区,49.9元/斤
鹿茸菇,广东广州市荔湾区,39.25元/斤
紫（黑）姜,云南大理白族自治州弥渡县,2.13元/斤
虎松茸,云南昆明市东川区,20元/斤
虎松茸,云南昆明市东川区,25元/斤
草菇,江西抚州市黎川县,69元/斤
草菇,江西抚州市黎川县,132.67元/斤
榆耳,山东济宁市鱼台县,42.5元/斤
榆耳,山东济宁市鱼台县,38.19元/斤
大蒜,河南郑州市中牟县,2.75元/斤
大蒜,河南郑州市中牟县,2.05元/斤
大蒜,河南郑州市中牟县,1.5元/斤
大蒜,河南郑州市中牟县,4.29元/斤
大蒜,河南郑州市中牟县,2.43元/斤
大蒜,河南郑州市中牟县,3元/斤
大蒜,河南郑州市中牟县,2元/斤
大蒜,河南郑州市中牟县,2.06元/斤
大蒜,河南郑州市中牟县,1.2元/斤
大蒜,河南郑州市中牟县,4.5元/斤
大蒜,河南郑州市中牟县,2.95元/斤
大蒜,河南郑州市中牟县,2元/斤
大蒜,河南郑州市中牟县,2.5元/斤
大蒜,河南郑州市中牟县,2.5元/斤
大蒜,河南郑州市中牟县,1.85元/斤
慈菇,云南红河哈尼族彝族自治州石屏县,1.45元/斤
慈菇,云南红河哈尼族彝族自治州石屏县,1.2元/斤
慈菇,云南红河哈尼族彝族自治州石屏县,5元/斤
慈菇,云南红河哈尼族彝族自治州石屏县,1.2元/斤
慈菇,云南红河哈尼族彝族自治州石屏县,6.49元/斤
慈菇,云南红河哈尼族彝族自治州石屏县,1.9元/斤
慈菇,云南红河哈尼族彝族自治州石屏县,7元/斤
慈菇,云南红河哈尼族彝族自治州石屏县,2元/斤
慈菇,云南红河哈尼族彝族自治州石屏县,3.1元/斤
慈菇,云南红河哈尼族彝族自治州石屏县,3.9元/斤
慈菇,云南红河哈尼族彝族自治州石屏县,5元/斤
慈菇,云南红河哈尼族彝族自治州石屏县,2.5元/斤
慈菇,云南红河哈尼族彝族自治州石屏县,2元/斤
慈菇,云南红河哈尼族彝族自治州石屏县,4.6元/斤
辣根,山东临沂市临沭县,0.33元/斤
辣根,山东临沂市临沭县,6.5元/斤
西兰花,湖北天门市天门市,1.15元/斤
西兰花,湖北天门市天门市,1元/斤
西兰花,湖北天门市天门市,0.8元/斤
西兰花,湖北天门市天门市,0.8元/斤
西兰花,湖北天门市天门市,0.9元/斤
西兰花,湖北天门市天门市,0.77元/斤
西兰花,湖北天门市天门市,1元/斤
西兰花,湖北天门市天门市,1元/斤
西兰花,湖北天门市天门市,0.55元/斤
西兰花,湖北天门市天门市,0.8元/斤
西兰花,湖北天门市天门市,0.47元/斤
西兰花,湖北天门市天门市,0.7元/斤
西兰花,湖北天门市天门市,1.1元/斤
西兰花,湖北天门市天门市,0.65元/斤
西兰花,湖北天门市天门市,0.57元/斤
莲蓬,广东韶关市曲江区,7.5元/斤
莲蓬,广东韶关市曲江区,5.1元/斤
莲蓬,广东韶关市曲江区,7元/斤
莲蓬,广东韶关市曲江区,7.33元/斤
莲蓬,广东韶关市曲江区,6.33元/斤
莲蓬,广东韶关市曲江区,5.46元/斤
莲蓬,广东韶关市曲江区,8.45元/斤
莲蓬,广东韶关市曲江区,8.5元/斤
山苏菜,广东清远市清城区,30元/斤
山苏菜,广东清远市清城区,29.33元/斤
山苏菜,广东清远市清城区,29.2元/斤
黄金针菇,四川成都市金牛区,3.75元/斤
黄金针菇,四川成都市金牛区,2.36元/斤
黄金针菇,四川成都市金牛区,3元/斤
黄金针菇,四川成都市金牛区,1.63元/斤
黄金针菇,四川成都市金牛区,2.3元/斤
黄金针菇,四川成都市金牛区,2.8元/斤
黄金针菇,四川成都市金牛区,10.35元/斤
黄金针菇,四川成都市金牛区,7.9元/斤
黄金针菇,四川成都市金牛区,9.57元/斤
黄金针菇,四川成都市金牛区,8.46元/斤
猴脑菌,河南郑州市惠济区,38.9元/斤
猴脑菌,河南郑州市惠济区,28元/斤
猴脑菌,河南郑州市惠济区,44.02元/斤
猴脑菌,河南郑州市惠济区,17.95元/斤
猴脑菌,河南郑州市惠济区,39元/斤
发菜,宁夏吴忠市同心县,650元/斤
发菜,宁夏吴忠市同心县,80元/斤
发菜,宁夏吴忠市同心县,131.67元/斤
丝瓜尖,海南三亚市天涯区,9元/斤
鱼腥草,四川成都市新津区,13.22元/斤
鱼腥草,四川成都市新津区,5.04元/斤
鱼腥草,四川成都市新津区,15元/斤
鱼腥草,四川成都市新津区,4.5元/斤
鱼腥草,四川成都市新津区,7.25元/斤
鱼腥草,四川成都市新津区,6.5元/斤
鱼腥草,四川成都市新津区,6.4元/斤
鱼腥草,四川成都市新津区,7.07元/斤
鱼腥草,四川成都市新津区,5元/斤
鱼腥草,四川成都市新津区,15元/斤
鱼腥草,四川成都市新津区,7.38元/斤
鱼腥草,四川成都市新津区,6元/斤
鱼腥草,四川成都市新津区,6.66元/斤
鱼腥草,四川成都市新津区,3.5元/斤
鱼腥草,四川成都市新津区,3元/斤
蒜黄,山东临沂市兰陵县,1.5元/斤
蒜黄,山东临沂市兰陵县,2元/斤
蒜黄,山东临沂市兰陵县,2.5元/斤
蒜黄,山东临沂市兰陵县,2.5元/斤
蒜黄,山东临沂市兰陵县,1元/斤
蒜黄,山东临沂市兰陵县,1.85元/斤
蒜黄,山东临沂市兰陵县,1.41元/斤
莼菜,重庆市石柱土家族自治县,19.85元/斤
莼菜,重庆市石柱土家族自治县,20.67元/斤
姑娘菜,广西崇左市大新县,19.9元/斤
姑娘菜,广西崇左市大新县,18元/斤
姑娘菜,广西崇左市大新县,11元/斤
姑娘菜,广西崇左市大新县,12元/斤
松柳芽,陕西西安市雁塔区,6.5元/斤
蟹味菇,山东济宁市邹城市,2.75元/斤
蟹味菇,山东济宁市邹城市,1.88元/斤
春菜,云南昆明市嵩明县,0.7元/斤
春菜,云南昆明市嵩明县,1元/斤
茶树菇,云南楚雄彝族自治州永仁县,35.06元/斤
茶树菇,云南楚雄彝族自治州永仁县,37.6元/斤
茶树菇,云南楚雄彝族自治州永仁县,36.48元/斤
茶树菇,云南楚雄彝族自治州永仁县,36.7元/斤
茶树菇,云南楚雄彝族自治州永仁县,30元/斤
茶树菇,云南楚雄彝族自治州永仁县,34.4元/斤
茶树菇,云南楚雄彝族自治州永仁县,38.33元/斤
茶树菇,云南楚雄彝族自治州永仁县,35元/斤
茶树菇,云南楚雄彝族自治州永仁县,29元/斤
茶树菇,云南楚雄彝族自治州永仁县,34.67元/斤
茶树菇,云南楚雄彝族自治州永仁县,44元/斤
茶树菇,云南楚雄彝族自治州永仁县,35元/斤
茶树菇,云南楚雄彝族自治州永仁县,33元/斤
茶树菇,云南楚雄彝族自治州永仁县,41元/斤
茶树菇,云南楚雄彝族自治州永仁县,42元/斤
萝卜芽,陕西西安市雁塔区,4元/斤
萝卜芽,陕西西安市雁塔区,7.75元/斤
萝卜芽,陕西西安市雁塔区,7.17元/斤
金丝绞瓜,广东韶关市曲江区,1.27元/斤
金丝绞瓜,广东韶关市曲江区,2.6元/斤
雪莲果,云南昭通市威信县,2.87元/斤
雪莲果,云南昭通市威信县,4.35元/斤
雪莲果,云南昭通市威信县,4.33元/斤
雪莲果,云南昭通市威信县,4.2元/斤
雪莲果,云南昭通市威信县,3.6元/斤
雪莲果,云南昭通市威信县,3.57元/斤
雪莲果,云南昭通市威信县,2.61元/斤
雪莲果,云南昭通市威信县,2.28元/斤
雪莲果,云南昭通市威信县,4元/斤
雪莲果,云南昭通市威信县,2.68元/斤
雪莲果,云南昭通市威信县,2.36元/斤
雪莲果,云南昭通市威信县,3.73元/斤
雪莲果,云南昭通市威信县,3.6元/斤
雪莲果,云南昭通市威信县,2.9元/斤
雪莲果,云南昭通市威信县,2.57元/斤
蟹味菇,山东济宁市邹城市,2.75元/斤
蟹味菇,山东济宁市邹城市,1.88元/斤
春菜,云南昆明市嵩明县,0.7元/斤
春菜,云南昆明市嵩明县,1元/斤
血通菜,广东佛山市南海区,9.2元/斤
蟹味菇,山东济宁市邹城市,2.75元/斤
蟹味菇,山东济宁市邹城市,1.88元/斤
春菜,云南昆明市嵩明县,0.7元/斤
春菜,云南昆明市嵩明县,1元/斤
茶树菇,云南楚雄彝族自治州永仁县,35.06元/斤
茶树菇,云南楚雄彝族自治州永仁县,37.6元/斤
茶树菇,云南楚雄彝族自治州永仁县,36.48元/斤
茶树菇,云南楚雄彝族自治州永仁县,36.7元/斤
茶树菇,云南楚雄彝族自治州永仁县,30元/斤
茶树菇,云南楚雄彝族自治州永仁县,34.4元/斤
茶树菇,云南楚雄彝族自治州永仁县,38.33元/斤
茶树菇,云南楚雄彝族自治州永仁县,35元/斤
茶树菇,云南楚雄彝族自治州永仁县,29元/斤
茶树菇,云南楚雄彝族自治州永仁县,34.67元/斤
茶树菇,云南楚雄彝族自治州永仁县,44元/斤
茶树菇,云南楚雄彝族自治州永仁县,35元/斤
茶树菇,云南楚雄彝族自治州永仁县,33元/斤
茶树菇,云南楚雄彝族自治州永仁县,41元/斤
茶树菇,云南楚雄彝族自治州永仁县,42元/斤
萝卜芽,陕西西安市雁塔区,4元/斤
萝卜芽,陕西西安市雁塔区,7.75元/斤
萝卜芽,陕西西安市雁塔区,7.17元/斤
金丝绞瓜,广东韶关市曲江区,1.27元/斤
金丝绞瓜,广东韶关市曲江区,2.6元/斤
雪莲果,云南昭通市威信县,2.87元/斤
雪莲果,云南昭通市威信县,4.35元/斤
雪莲果,云南昭通市威信县,4.33元/斤
雪莲果,云南昭通市威信县,4.2元/斤
雪莲果,云南昭通市威信县,3.6元/斤
雪莲果,云南昭通市威信县,3.57元/斤
雪莲果,云南昭通市威信县,2.61元/斤
雪莲果,云南昭通市威信县,2.28元/斤
雪莲果,云南昭通市威信县,4元/斤
雪莲果,云南昭通市威信县,2.68元/斤
雪莲果,云南昭通市威信县,2.36元/斤
雪莲果,云南昭通市威信县,3.73元/斤
雪莲果,云南昭通市威信县,3.6元/斤
雪莲果,云南昭通市威信县,2.9元/斤
雪莲果,云南昭通市威信县,2.57元/斤
白参菌,云南普洱市思茅区,15.9元/斤
白参菌,云南普洱市思茅区,110元/斤
白参菌,云南普洱市思茅区,80元/斤
白参菌,云南普洱市思茅区,65元/斤
白参菌,云南普洱市思茅区,86.67元/斤
姜薯,云南文山壮族苗族自治州广南县,14元/斤
姜薯,云南文山壮族苗族自治州广南县,14.5元/斤
姜薯,云南文山壮族苗族自治州广南县,16元/斤
姜薯,云南文山壮族苗族自治州广南县,2.8元/斤
姜薯,云南文山壮族苗族自治州广南县,3元/斤
鲜平菇,吉林长春市宽城区,1.8元/斤
鲜平菇,吉林长春市宽城区,0.85元/斤
鲜平菇,吉林长春市宽城区,0.7元/斤
鲜平菇,吉林长春市宽城区,0.98元/斤
鲜平菇,吉林长春市宽城区,0.8元/斤
鲜平菇,吉林长春市宽城区,5.5元/斤
鲜平菇,吉林长春市宽城区,1.8元/斤
鲜平菇,吉林长春市宽城区,1.5元/斤
鲜平菇,吉林长春市宽城区,2.12元/斤
鲜平菇,吉林长春市宽城区,1.8元/斤
鲜平菇,吉林长春市宽城区,0.9元/斤
鲜平菇,吉林长春市宽城区,1.37元/斤
鲜平菇,吉林长春市宽城区,1.57元/斤
鲜平菇,吉林长春市宽城区,0.78元/斤
鲜平菇,吉林长春市宽城区,2.65元/斤
荷灵菇,山东济宁市鱼台县,34.27元/斤
上海青,江苏苏州市张家港市,0.43元/斤
上海青,江苏苏州市张家港市,0.43元/斤
上海青,江苏苏州市张家港市,0.6元/斤
上海青,江苏苏州市张家港市,0.55元/斤
上海青,江苏苏州市张家港市,0.6元/斤
上海青,江苏苏州市张家港市,0.5元/斤
上海青,江苏苏州市张家港市,0.45元/斤
上海青,江苏苏州市张家港市,0.46元/斤
上海青,江苏苏州市张家港市,0.5元/斤
上海青,江苏苏州市张家港市,0.3元/斤
上海青,江苏苏州市张家港市,0.5元/斤
上海青,江苏苏州市张家港市,0.5元/斤
上海青,江苏苏州市张家港市,0.5元/斤
上海青,江苏苏州市张家港市,0.5元/斤
上海青,江苏苏州市张家港市,0.57元/斤
干猴头菇,福建福州市台江区,27.5元/斤
干猴头菇,福建福州市台江区,29.85元/斤
干猴头菇,福建福州市台江区,25.05元/斤
干猴头菇,福建福州市台江区,40元/斤
干猴头菇,福建福州市台江区,28元/斤
干猴头菇,福建福州市台江区,29元/斤
干猴头菇,福建福州市台江区,24元/斤
干猴头菇,福建福州市台江区,33元/斤
干猴头菇,福建福州市台江区,21.9元/斤
干猴头菇,福建福州市台江区,38元/斤
干猴头菇,福建福州市台江区,32.42元/斤
干猴头菇,福建福州市台江区,43元/斤
干猴头菇,福建福州市台江区,33元/斤
干猴头菇,福建福州市台江区,34.58元/斤
干猴头菇,福建福州市台江区,24元/斤
赤松茸,云南楚雄彝族自治州禄丰市,14.45元/斤
赤松茸,云南楚雄彝族自治州禄丰市,8.08元/斤
赤松茸,云南楚雄彝族自治州禄丰市,8.67元/斤
赤松茸,云南楚雄彝族自治州禄丰市,10元/斤
赤松茸,云南楚雄彝族自治州禄丰市,5元/斤
赤松茸,云南楚雄彝族自治州禄丰市,15元/斤
赤松茸,云南楚雄彝族自治州禄丰市,9.67元/斤
赤松茸,云南楚雄彝族自治州禄丰市,5元/斤
赤松茸,云南楚雄彝族自治州禄丰市,10元/斤
赤松茸,云南楚雄彝族自治州禄丰市,8元/斤
赤松茸,云南楚雄彝族自治州禄丰市,10元/斤
干杏鲍菇,云南昆明市官渡区,16.5元/斤
干杏鲍菇,云南昆明市官渡区,15.5元/斤
干杏鲍菇,云南昆明市官渡区,15.67元/斤
干杏鲍菇,云南昆明市官渡区,17.33元/斤
干杏鲍菇,云南昆明市官渡区,14元/斤
干杏鲍菇,云南昆明市官渡区,11.25元/斤
干杏鲍菇,云南昆明市官渡区,14.03元/斤
干杏鲍菇,云南昆明市官渡区,24.82元/斤
干杏鲍菇,云南昆明市官渡区,27.5元/斤
干杏鲍菇,云南昆明市官渡区,33.5元/斤
干杏鲍菇,云南昆明市官渡区,25元/斤
干杏鲍菇,云南昆明市官渡区,34.2元/斤
菠菜,河南安阳市滑县,0.75元/斤
菠菜,河南安阳市滑县,0.7元/斤
菠菜,河南安阳市滑县,0.75元/斤
菠菜,河南安阳市滑县,0.55元/斤
菠菜,河南安阳市滑县,1元/斤
菠菜,河南安阳市滑县,1.2元/斤
菠菜,河南安阳市滑县,1元/斤
菠菜,河南安阳市滑县,1元/斤
菠菜,河南安阳市滑县,0.83元/斤
菠菜,河南安阳市滑县,0.95元/斤
菠菜,河南安阳市滑县,0.5元/斤
菠菜,河南安阳市滑县,1元/斤
菠菜,河南安阳市滑县,0.69元/斤
菠菜,河南安阳市滑县,0.75元/斤
菠菜,河南安阳市滑县,0.7元/斤
芥蓝,广东惠州市博罗县,2元/斤
芥蓝,广东惠州市博罗县,3.2元/斤
姬菇,四川成都市金堂县,2.9元/斤
姬菇,四川成都市金堂县,2.3元/斤
姬菇,四川成都市金堂县,1.52元/斤
姬菇,四川成都市金堂县,3元/斤
喇叭菌,云南普洱市思茅区,180元/斤
面条菜,山东菏泽市郓城县,2.5元/斤
面条菜,山东菏泽市郓城县,1元/斤
松茸,西藏林芝市波密县,395元/斤
松茸,西藏林芝市波密县,138元/斤
松茸,西藏林芝市波密县,59元/斤
松茸,西藏林芝市波密县,265元/斤
松茸,西藏林芝市波密县,451.25元/斤
松茸,西藏林芝市波密县,314元/斤
松茸,西藏林芝市波密县,95元/斤
松茸,西藏林芝市波密县,159.5元/斤
松茸,西藏林芝市波密县,293.33元/斤
松茸,西藏林芝市波密县,198元/斤
松茸,西藏林芝市波密县,92.5元/斤
松茸,西藏林芝市波密县,312.5元/斤
松茸,西藏林芝市波密县,398元/斤
松茸,西藏林芝市波密县,440元/斤
松茸,西藏林芝市波密县,200元/斤
羊肚菌,安徽黄山市黄山区,520元/斤
羊肚菌,安徽黄山市黄山区,700元/斤
羊肚菌,安徽黄山市黄山区,360元/斤
羊肚菌,安徽黄山市黄山区,558.44元/斤
羊肚菌,安徽黄山市黄山区,370元/斤
羊肚菌,安徽黄山市黄山区,400元/斤
羊肚菌,安徽黄山市黄山区,450元/斤
羊肚菌,安徽黄山市黄山区,585.11元/斤
羊肚菌,安徽黄山市黄山区,750元/斤
羊肚菌,安徽黄山市黄山区,400元/斤
羊肚菌,安徽黄山市黄山区,336.67元/斤
羊肚菌,安徽黄山市黄山区,505.71元/斤
羊肚菌,安徽黄山市黄山区,600元/斤
羊肚菌,安徽黄山市黄山区,500元/斤
羊肚菌,安徽黄山市黄山区,633.33元/斤
美人茭,江苏连云港市灌云县,1.3元/斤
美人茭,江苏连云港市灌云县,1.1元/斤
美人茭,江苏连云港市灌云县,1.35元/斤
美人茭,江苏连云港市灌云县,1.18元/斤
美人茭,江苏连云港市灌云县,1.42元/斤
美人茭,江苏连云港市灌云县,1.83元/斤
美人茭,江苏连云港市灌云县,1.05元/斤
美人茭,江苏连云港市灌云县,0.98元/斤
美人茭,江苏连云港市灌云县,1.49元/斤
美人茭,江苏连云港市灌云县,1元/斤
美人茭,江苏连云港市灌云县,1.5元/斤
美人茭,江苏连云港市灌云县,1.5元/斤
美人茭,江苏连云港市灌云县,1.72元/斤
美人茭,江苏连云港市灌云县,1.6元/斤
美人茭,江苏连云港市灌云县,1.2元/斤
白玉菇,河南驻马店市泌阳县,1.63元/斤
白玉菇,河南驻马店市泌阳县,16.33元/斤
白玉菇,河南驻马店市泌阳县,1.88元/斤
白玉菇,河南驻马店市泌阳县,2元/斤
白玉菇,河南驻马店市泌阳县,3.2元/斤
火镰菜,云南临沧市镇康县,5.63元/斤
山苜楂,山东日照市五莲县,8元/斤
香菜,安徽阜阳市颍东区,1元/斤
香菜,安徽阜阳市颍东区,0.75元/斤
香菜,安徽阜阳市颍东区,1元/斤
香菜,安徽阜阳市颍东区,0.95元/斤
香菜,安徽阜阳市颍东区,0.99元/斤
香菜,安徽阜阳市颍东区,0.6元/斤
香菜,安徽阜阳市颍东区,1.1元/斤
香菜,安徽阜阳市颍东区,1.2元/斤
香菜,安徽阜阳市颍东区,1元/斤
香菜,安徽阜阳市颍东区,1.5元/斤
香菜,安徽阜阳市颍东区,1.1元/斤
香菜,安徽阜阳市颍东区,1元/斤
香菜,安徽阜阳市颍东区,0.85元/斤
香菜,安徽阜阳市颍东区,0.67元/斤
香菜,安徽阜阳市颍东区,1.5元/斤
石耳,陕西商洛市商南县,93.33元/斤
石耳,陕西商洛市商南县,750元/斤
石耳,陕西商洛市商南县,500元/斤
石耳,陕西商洛市商南县,315元/斤
石耳,陕西商洛市商南县,1180元/斤
莲藕,山东济宁市任城区,1.8元/斤
莲藕,山东济宁市任城区,1.4元/斤
莲藕,山东济宁市任城区,2.2元/斤
莲藕,山东济宁市任城区,1.5元/斤
莲藕,山东济宁市任城区,1.28元/斤
莲藕,山东济宁市任城区,2.7元/斤
莲藕,山东济宁市任城区,1.25元/斤
莲藕,山东济宁市任城区,1元/斤
莲藕,山东济宁市任城区,1.1元/斤
莲藕,山东济宁市任城区,1.3元/斤
莲藕,山东济宁市任城区,1.8元/斤
莲藕,山东济宁市任城区,3.5元/斤
莲藕,山东济宁市任城区,2.6元/斤
莲藕,山东济宁市任城区,2.6元/斤
莲藕,山东济宁市任城区,2.12元/斤
槐树花,河南南阳市方城县,13.5元/斤
槐树花,河南南阳市方城县,15元/斤
鸡枞菌,湖南永州市江华瑶族自治县,27元/斤
鸡枞菌,湖南永州市江华瑶族自治县,42.4元/斤
鸡枞菌,湖南永州市江华瑶族自治县,36元/斤
鸡枞菌,湖南永州市江华瑶族自治县,26.54元/斤
鸡枞菌,湖南永州市江华瑶族自治县,21元/斤
鸡枞菌,湖南永州市江华瑶族自治县,27元/斤
鸡枞菌,湖南永州市江华瑶族自治县,28元/斤
鸡枞菌,湖南永州市江华瑶族自治县,26元/斤
鸡枞菌,湖南永州市江华瑶族自治县,28元/斤
鸡枞菌,湖南永州市江华瑶族自治县,16.6元/斤
鸡枞菌,湖南永州市江华瑶族自治县,60元/斤
鸡枞菌,湖南永州市江华瑶族自治县,60元/斤
鸡枞菌,湖南永州市江华瑶族自治县,22元/斤
鸡枞菌,湖南永州市江华瑶族自治县,20元/斤
鸡枞菌,湖南永州市江华瑶族自治县,23.71元/斤
小葱,广东湛江市徐闻县,1.3元/斤
小葱,广东湛江市徐闻县,0.65元/斤
小葱,广东湛江市徐闻县,0.5元/斤
小葱,广东湛江市徐闻县,0.83元/斤
小葱,广东湛江市徐闻县,0.83元/斤
小葱,广东湛江市徐闻县,0.3元/斤
小葱,广东湛江市徐闻县,0.03元/斤
小葱,广东湛江市徐闻县,1.3元/斤
小葱,广东湛江市徐闻县,0.58元/斤
小葱,广东湛江市徐闻县,0.7元/斤
小葱,广东湛江市徐闻县,0.52元/斤
小葱,广东湛江市徐闻县,2元/斤
小葱,广东湛江市徐闻县,1.25元/斤
小葱,广东湛江市徐闻县,2元/斤
小葱,广东湛江市徐闻县,1.7元/斤
娃娃菜,河南周口市西华县,0.5元/斤
娃娃菜,河南周口市西华县,1元/斤
娃娃菜,河南周口市西华县,0.35元/斤
娃娃菜,河南周口市西华县,0.5元/斤
娃娃菜,河南周口市西华县,0.2元/斤
娃娃菜,河南周口市西华县,0.4元/斤
娃娃菜,河南周口市西华县,0.2元/斤
娃娃菜,河南周口市西华县,0.6元/斤
娃娃菜,河南周口市西华县,0.39元/斤
娃娃菜,河南周口市西华县,0.3元/斤
娃娃菜,河南周口市西华县,0.2元/斤
娃娃菜,河南周口市西华县,0.15元/斤
娃娃菜,河南周口市西华县,0.32元/斤
娃娃菜,河南周口市西华县,0.2元/斤
娃娃菜,河南周口市西华县,0.25元/斤
树花菜,云南楚雄彝族自治州永仁县,57.5元/斤
树花菜,云南楚雄彝族自治州永仁县,100元/斤
树花菜,云南楚雄彝族自治州永仁县,35元/斤
金花菜,四川成都市新都区,4元/斤
金花菜,四川成都市新都区,7.37元/斤
羊肚耳,云南昆明市盘龙区,33元/斤
羊肚耳,云南昆明市盘龙区,37.49元/斤
羊肚耳,云南昆明市盘龙区,34元/斤
羊肚耳,云南昆明市盘龙区,41元/斤
长裙竹荪,江西吉安市吉水县,180元/斤
长裙竹荪,江西吉安市吉水县,136元/斤
长裙竹荪,江西吉安市吉水县,144.5元/斤
长裙竹荪,江西吉安市吉水县,118.8元/斤
长裙竹荪,江西吉安市吉水县,166.67元/斤
长裙竹荪,江西吉安市吉水县,133.27元/斤
长裙竹荪,江西吉安市吉水县,112.5元/斤
长裙竹荪,江西吉安市吉水县,142.13元/斤
长裙竹荪,江西吉安市吉水县,100元/斤
长裙竹荪,江西吉安市吉水县,145元/斤
长裙竹荪,江西吉安市吉水县,135.08元/斤
长裙竹荪,江西吉安市吉水县,143.29元/斤
长裙竹荪,江西吉安市吉水县,159.75元/斤
长裙竹荪,江西吉安市吉水县,129元/斤
长裙竹荪,江西吉安市吉水县,115元/斤
冬瓜,湖北孝感市云梦县,0.15元/斤
冬瓜,湖北孝感市云梦县,0.25元/斤
冬瓜,湖北孝感市云梦县,0.3元/斤
冬瓜,湖北孝感市云梦县,0.4元/斤
冬瓜,湖北孝感市云梦县,0.37元/斤
冬瓜,湖北孝感市云梦县,0.45元/斤
冬瓜,湖北孝感市云梦县,0.4元/斤
冬瓜,湖北孝感市云梦县,0.27元/斤
冬瓜,湖北孝感市云梦县,0.3元/斤
冬瓜,湖北孝感市云梦县,0.2元/斤
冬瓜,湖北孝感市云梦县,0.33元/斤
冬瓜,湖北孝感市云梦县,0.25元/斤
冬瓜,湖北孝感市云梦县,0.35元/斤
冬瓜,湖北孝感市云梦县,0.22元/斤
冬瓜,湖北孝感市云梦县,0.4元/斤
黄须菜,贵州安顺市关岭布依族苗族自治县,1.8元/斤
血通菜,广东佛山市南海区,9.2元/斤
榛蘑,黑龙江牡丹江市海林市,61.5元/斤
榛蘑,黑龙江牡丹江市海林市,87.5元/斤
榛蘑,黑龙江牡丹江市海林市,80元/斤
榛蘑,黑龙江牡丹江市海林市,90元/斤
榛蘑,黑龙江牡丹江市海林市,87.14元/斤
榛蘑,黑龙江牡丹江市海林市,70元/斤
榛蘑,黑龙江牡丹江市海林市,70元/斤
榛蘑,黑龙江牡丹江市海林市,80元/斤
榛蘑,黑龙江牡丹江市海林市,62.5元/斤
榛蘑,黑龙江牡丹江市海林市,85元/斤
榛蘑,黑龙江牡丹江市海林市,60元/斤
榛蘑,黑龙江牡丹江市海林市,63.67元/斤
梨菇,福建三明市宁化县,116.25元/斤
双孢菇,四川德阳市旌阳区,41元/斤
双孢菇,四川德阳市旌阳区,6元/斤
双孢菇,四川德阳市旌阳区,20.4元/斤
夜香花,广西玉林市玉州区,0.85元/斤
夜香花,广西玉林市玉州区,15元/斤
夜香花,广西玉林市玉州区,15元/斤
夜香花,广西玉林市玉州区,10.73元/斤
夜香花,广西玉林市玉州区,15元/斤
夜香花,广西玉林市玉州区,15元/斤
夜香花,广西玉林市玉州区,13元/斤
牛尾菜,贵州黔东南苗族侗族自治州黎平县,29元/斤
牛尾菜,贵州黔东南苗族侗族自治州黎平县,20元/斤
牛尾菜,贵州黔东南苗族侗族自治州黎平县,22元/斤
牛尾菜,贵州黔东南苗族侗族自治州黎平县,22元/斤
牛尾菜,贵州黔东南苗族侗族自治州黎平县,20元/斤
牛尾菜,贵州黔东南苗族侗族自治州黎平县,35元/斤
牛尾菜,贵州黔东南苗族侗族自治州黎平县,25.5元/斤
牛尾菜,贵州黔东南苗族侗族自治州黎平县,24.5元/斤
牛尾菜,贵州黔东南苗族侗族自治州黎平县,19.25元/斤
褐蘑,新疆乌鲁木齐市天山区,400元/斤
小蓟草,河南洛阳市洛宁县,3元/斤
小蓟草,河南洛阳市洛宁县,5元/斤
小蓟草,河南洛阳市洛宁县,10元/斤
扫帚菜,山东潍坊市青州市,0.95元/斤
香菇,河南郑州市金水区,22.92元/斤
香菇,河南郑州市金水区,34.03元/斤
香菇,河南郑州市金水区,37.89元/斤
香菇,河南郑州市金水区,29.5元/斤
香菇,河南郑州市金水区,29元/斤
香菇,河南郑州市金水区,29.9元/斤
香菇,河南郑州市金水区,29.99元/斤
香菇,河南郑州市金水区,48元/斤
香菇,河南郑州市金水区,29.11元/斤
香菇,河南郑州市金水区,23元/斤
香菇,河南郑州市金水区,36.6元/斤
香菇,河南郑州市金水区,50元/斤
香菇,河南郑州市金水区,31.5元/斤
香菇,河南郑州市金水区,28元/斤
香菇,河南郑州市金水区,27.2元/斤
蒲菜,山东济宁市微山县,16.5元/斤
南姜,广西崇左市天等县,3元/斤
南姜,广西崇左市天等县,3.5元/斤
南姜,广西崇左市天等县,3.38元/斤
南姜,广西崇左市天等县,4.3元/斤
南姜,广西崇左市天等县,3.5元/斤
南姜,广西崇左市天等县,4元/斤
南姜,广西崇左市天等县,3.25元/斤
南姜,广西崇左市天等县,4.9元/斤
南姜,广西崇左市天等县,3.12元/斤
南姜,广西崇左市天等县,3.32元/斤
南姜,广西崇左市天等县,3元/斤
南姜,广西崇左市天等县,4.3元/斤
南姜,广西崇左市天等县,3.43元/斤
南姜,广西崇左市天等县,3.4元/斤
南姜,广西崇左市天等县,5元/斤
扫把菇,云南普洱市思茅区,33元/斤
扫把菇,云南普洱市思茅区,31元/斤
荇菜,浙江杭州市萧山区,0.8元/斤
荇菜,浙江杭州市萧山区,0.1元/斤
云参,云南昆明市官渡区,100元/斤
粉葛,广西桂林市临桂区,4.75元/斤
粉葛,广西桂林市临桂区,2.15元/斤
粉葛,广西桂林市临桂区,2.63元/斤
粉葛,广西桂林市临桂区,2.9元/斤
粉葛,广西桂林市临桂区,3元/斤
粉葛,广西桂林市临桂区,2元/斤
粉葛,广西桂林市临桂区,10.33元/斤
粉葛,广西桂林市临桂区,8.5元/斤
粉葛,广西桂林市临桂区,2.64元/斤
粉葛,广西桂林市临桂区,6.44元/斤
粉葛,广西桂林市临桂区,7元/斤
粉葛,广西桂林市临桂区,3.83元/斤
粉葛,广西桂林市临桂区,3.5元/斤
粉葛,广西桂林市临桂区,8.9元/斤
粉葛,广西桂林市临桂区,3.48元/斤
树仔菜,海南海口市美兰区,13.4元/斤
树仔菜,海南海口市美兰区,15元/斤
树仔菜,海南海口市美兰区,13.38元/斤
树仔菜,海南海口市美兰区,15元/斤
树仔菜,海南海口市美兰区,10元/斤
胡萝卜,河南许昌市襄城县,0.6元/斤
胡萝卜,河南许昌市襄城县,0.7元/斤
胡萝卜,河南许昌市襄城县,0.3元/斤
胡萝卜,河南许昌市襄城县,0.55元/斤
胡萝卜,河南许昌市襄城县,0.43元/斤
胡萝卜,河南许昌市襄城县,0.6元/斤
胡萝卜,河南许昌市襄城县,0.5元/斤
胡萝卜,河南许昌市襄城县,0.5元/斤
胡萝卜,河南许昌市襄城县,0.4元/斤
胡萝卜,河南许昌市襄城县,0.2元/斤
胡萝卜,河南许昌市襄城县,0.3元/斤
胡萝卜,河南许昌市襄城县,0.46元/斤
胡萝卜,河南许昌市襄城县,0.35元/斤
胡萝卜,河南许昌市襄城县,0.54元/斤
胡萝卜,河南许昌市襄城县,0.4元/斤
木薯,云南西双版纳傣族自治州勐海县,1.13元/斤
木薯,云南西双版纳傣族自治州勐海县,2.63元/斤
木薯,云南西双版纳傣族自治州勐海县,1.13元/斤
木薯,云南西双版纳傣族自治州勐海县,1.5元/斤
木薯,云南西双版纳傣族自治州勐海县,1.17元/斤
木薯,云南西双版纳傣族自治州勐海县,2.93元/斤
木薯,云南西双版纳傣族自治州勐海县,1.5元/斤
木薯,云南西双版纳傣族自治州勐海县,1.19元/斤
木薯,云南西双版纳傣族自治州勐海县,1.35元/斤
木薯,云南西双版纳傣族自治州勐海县,3.38元/斤
木薯,云南西双版纳傣族自治州勐海县,1.13元/斤
木薯,云南西双版纳傣族自治州勐海县,1.15元/斤
栗蘑,福建宁德市古田县,30元/斤
栗蘑,福建宁德市古田县,135元/斤
栗蘑,福建宁德市古田县,31.74元/斤
栗蘑,福建宁德市古田县,34.5元/斤
栗蘑,福建宁德市古田县,35.92元/斤
香茅草,四川达州市大竹县,7.5元/斤
香茅草,四川达州市大竹县,7元/斤
香茅草,四川达州市大竹县,4.1元/斤
香茅草,四川达州市大竹县,5.18元/斤
香茅草,四川达州市大竹县,4.34元/斤
香茅草,四川达州市大竹县,4.2元/斤
香茅草,四川达州市大竹县,6.33元/斤
香茅草,四川达州市大竹县,3元/斤
香茅草,四川达州市大竹县,4.22元/斤
香茅草,四川达州市大竹县,5.13元/斤
香茅草,四川达州市大竹县,4.1元/斤
香茅草,四川达州市大竹县,3.9元/斤
香茅草,四川达州市大竹县,4.04元/斤
香茅草,四川达州市大竹县,7.5元/斤
香茅草,四川达州市大竹县,4.93元/斤
黄蔓菁,新疆阿克苏地区拜城县,1元/斤
黄蔓菁,新疆阿克苏地区拜城县,0.06元/斤
黄蔓菁,新疆阿克苏地区拜城县,6元/斤
黄蔓菁,新疆阿克苏地区拜城县,3元/斤
黄蔓菁,新疆阿克苏地区拜城县,0.38元/斤
黄蔓菁,新疆阿克苏地区拜城县,0.35元/斤
黄蔓菁,新疆阿克苏地区拜城县,0.9元/斤
黄蔓菁,新疆阿克苏地区拜城县,0.6元/斤
榆钱,河南南阳市方城县,8元/斤
榆钱,河南南阳市方城县,8.7元/斤
秀珍菇,贵州安顺市关岭布依族苗族自治县,4元/斤
秀珍菇,贵州安顺市关岭布依族苗族自治县,2.25元/斤
秀珍菇,贵州安顺市关岭布依族苗族自治县,0.6元/斤
秀珍菇,贵州安顺市关岭布依族苗族自治县,3.65元/斤
秀珍菇,贵州安顺市关岭布依族苗族自治县,4.48元/斤
玉兰菜,河北邯郸市临漳县,8.5元/斤
油豆角,黑龙江齐齐哈尔市依安县,5.25元/斤
剥皮菇,安徽安庆市岳西县,240元/斤
胡萝卜,河南许昌市襄城县,0.6元/斤
胡萝卜,河南许昌市襄城县,0.7元/斤
胡萝卜,河南许昌市襄城县,0.3元/斤
胡萝卜,河南许昌市襄城县,0.55元/斤
胡萝卜,河南许昌市襄城县,0.43元/斤
胡萝卜,河南许昌市襄城县,0.6元/斤
胡萝卜,河南许昌市襄城县,0.5元/斤
胡萝卜,河南许昌市襄城县,0.5元/斤
胡萝卜,河南许昌市襄城县,0.4元/斤
胡萝卜,河南许昌市襄城县,0.2元/斤
胡萝卜,河南许昌市襄城县,0.3元/斤
胡萝卜,河南许昌市襄城县,0.46元/斤
胡萝卜,河南许昌市襄城县,0.35元/斤
胡萝卜,河南许昌市襄城县,0.54元/斤
胡萝卜,河南许昌市襄城县,0.4元/斤
甜豌豆,云南大理白族自治州弥渡县,2.08元/斤
甜豌豆,云南大理白族自治州弥渡县,2.7元/斤
甜豌豆,云南大理白族自治州弥渡县,3元/斤
甜豌豆,云南大理白族自治州弥渡县,2.92元/斤
甜豌豆,云南大理白族自治州弥渡县,3.18元/斤
甜豌豆,云南大理白族自治州弥渡县,2.5元/斤
甜豌豆,云南大理白族自治州弥渡县,2.75元/斤
甜豌豆,云南大理白族自治州弥渡县,4元/斤
甜豌豆,云南大理白族自治州弥渡县,1.8元/斤
甜豌豆,云南大理白族自治州弥渡县,2.75元/斤
甜豌豆,云南大理白族自治州弥渡县,2.1元/斤
甜豌豆,云南大理白族自治州弥渡县,2.5元/斤
甜豌豆,云南大理白族自治州弥渡县,2元/斤
甜豌豆,云南大理白族自治州弥渡县,3.25元/斤
甜豌豆,云南大理白族自治州弥渡县,4元/斤
猪肚菇,四川成都市双流区,66.67元/斤
猪肚菇,四川成都市双流区,17元/斤
红叶种,河北保定市定州市,93.25元/斤
红叶种,河北保定市定州市,4.25元/斤
红叶种,河北保定市定州市,39.9元/斤
红叶种,河北保定市定州市,4元/斤
红叶种,河北保定市定州市,123.25元/斤
红叶种,河北保定市定州市,75.75元/斤
柠檬叶,云南大理白族自治州巍山彝族回族自治县,10元/斤
柠檬叶,云南大理白族自治州巍山彝族回族自治县,14元/斤
柠檬叶,云南大理白族自治州巍山彝族回族自治县,13.5元/斤
柠檬叶,云南大理白族自治州巍山彝族回族自治县,16元/斤
柠檬叶,云南大理白族自治州巍山彝族回族自治县,12.13元/斤
柠檬叶,云南大理白族自治州巍山彝族回族自治县,11元/斤
柠檬叶,云南大理白族自治州巍山彝族回族自治县,10元/斤
白菜,江苏宿迁市沭阳县,0.3元/斤
白菜,江苏宿迁市沭阳县,0.19元/斤
白菜,江苏宿迁市沭阳县,0.3元/斤
白菜,江苏宿迁市沭阳县,0.15元/斤
白菜,江苏宿迁市沭阳县,0.4元/斤
白菜,江苏宿迁市沭阳县,0.16元/斤
白菜,江苏宿迁市沭阳县,0.2元/斤
白菜,江苏宿迁市沭阳县,0.2元/斤
白菜,江苏宿迁市沭阳县,0.1元/斤
白菜,江苏宿迁市沭阳县,0.3元/斤
白菜,江苏宿迁市沭阳县,0.4元/斤
白菜,江苏宿迁市沭阳县,0.17元/斤
白菜,江苏宿迁市沭阳县,0.25元/斤
白菜,江苏宿迁市沭阳县,0.11元/斤
白菜,江苏宿迁市沭阳县,0.3元/斤
木耳菜,山东济宁市鱼台县,1.8元/斤
木耳菜,山东济宁市鱼台县,90元/斤
木耳菜,山东济宁市鱼台县,29元/斤
佛手瓜,云南红河哈尼族彝族自治州建水县,0.7元/斤
佛手瓜,云南红河哈尼族彝族自治州建水县,3.31元/斤
佛手瓜,云南红河哈尼族彝族自治州建水县,1元/斤
佛手瓜,云南红河哈尼族彝族自治州建水县,0.83元/斤
佛手瓜,云南红河哈尼族彝族自治州建水县,2.58元/斤
佛手瓜,云南红河哈尼族彝族自治州建水县,0.54元/斤
佛手瓜,云南红河哈尼族彝族自治州建水县,0.7元/斤
佛手瓜,云南红河哈尼族彝族自治州建水县,0.7元/斤
佛手瓜,云南红河哈尼族彝族自治州建水县,0.67元/斤
佛手瓜,云南红河哈尼族彝族自治州建水县,0.7元/斤
佛手瓜,云南红河哈尼族彝族自治州建水县,3元/斤
佛手瓜,云南红河哈尼族彝族自治州建水县,1.1元/斤
佛手瓜,云南红河哈尼族彝族自治州建水县,3.81元/斤
佛手瓜,云南红河哈尼族彝族自治州建水县,0.65元/斤
佛手瓜,云南红河哈尼族彝族自治州建水县,2.53元/斤
青杠菌,云南昆明市盘龙区,42元/斤
青杠菌,云南昆明市盘龙区,109元/斤
青杠菌,云南昆明市盘龙区,80元/斤
青杠菌,云南昆明市盘龙区,130元/斤
美味牛肝菌,四川凉山彝族自治州会理市,13元/斤
美味牛肝菌,四川凉山彝族自治州会理市,91元/斤
美味牛肝菌,四川凉山彝族自治州会理市,160元/斤
美味牛肝菌,四川凉山彝族自治州会理市,77.5元/斤
美味牛肝菌,四川凉山彝族自治州会理市,153.33元/斤
美味牛肝菌,四川凉山彝族自治州会理市,73.33元/斤
美味牛肝菌,四川凉山彝族自治州会理市,60元/斤
美味牛肝菌,四川凉山彝族自治州会理市,45元/斤
美味牛肝菌,四川凉山彝族自治州会理市,80元/斤
美味牛肝菌,四川凉山彝族自治州会理市,89.55元/斤
美味牛肝菌,四川凉山彝族自治州会理市,130元/斤
美味牛肝菌,四川凉山彝族自治州会理市,155元/斤
美味牛肝菌,四川凉山彝族自治州会理市,10.3元/斤
美味牛肝菌,四川凉山彝族自治州会理市,200元/斤
美味牛肝菌,四川凉山彝族自治州会理市,140元/斤
清明菜,江西上饶市鄱阳县,17.67元/斤
清明菜,江西上饶市鄱阳县,15.67元/斤
土豆,吉林长春市公主岭市,0.6元/斤
土豆,吉林长春市公主岭市,0.7元/斤
土豆,吉林长春市公主岭市,0.55元/斤
土豆,吉林长春市公主岭市,0.9元/斤
土豆,吉林长春市公主岭市,0.66元/斤
土豆,吉林长春市公主岭市,1元/斤
土豆,吉林长春市公主岭市,0.87元/斤
土豆,吉林长春市公主岭市,0.65元/斤
土豆,吉林长春市公主岭市,0.62元/斤
土豆,吉林长春市公主岭市,0.5元/斤
土豆,吉林长春市公主岭市,0.56元/斤
土豆,吉林长春市公主岭市,0.9元/斤
土豆,吉林长春市公主岭市,0.65元/斤
土豆,吉林长春市公主岭市,0.7元/斤
土豆,吉林长春市公主岭市,0.65元/斤
苦斋菜,广东清远市阳山县,16元/斤
苦斋菜,广东清远市阳山县,15元/斤
白帽蒜薹,山东济南市商河县,2.72元/斤
白帽蒜薹,山东济南市商河县,1.54元/斤
白帽蒜薹,山东济南市商河县,1.8元/斤
白帽蒜薹,山东济南市商河县,2.78元/斤
白帽蒜薹,山东济南市商河县,2.5元/斤
白帽蒜薹,山东济南市商河县,1.6元/斤
白帽蒜薹,山东济南市商河县,1元/斤
白帽蒜薹,山东济南市商河县,1.73元/斤
白帽蒜薹,山东济南市商河县,1.6元/斤
白帽蒜薹,山东济南市商河县,2.15元/斤
白帽蒜薹,山东济南市商河县,2.15元/斤
白帽蒜薹,山东济南市商河县,2.15元/斤
白帽蒜薹,山东济南市商河县,2.45元/斤
白帽蒜薹,山东济南市商河县,1.5元/斤
白帽蒜薹,山东济南市商河县,2.8元/斤
黄心乌,陕西西安市临潼区,0.5元/斤
黄心乌,陕西西安市临潼区,0.5元/斤
黄心乌,陕西西安市临潼区,0.3元/斤
黄心乌,陕西西安市临潼区,0.5元/斤
黄心乌,陕西西安市临潼区,0.4元/斤
黄心乌,陕西西安市临潼区,0.43元/斤
黄心乌,陕西西安市临潼区,0.5元/斤
蘑菇,江苏苏州市姑苏区,10元/斤
蘑菇,江苏苏州市姑苏区,5元/斤
蘑菇,江苏苏州市姑苏区,11.5元/斤
蘑菇,江苏苏州市姑苏区,68元/斤
蘑菇,江苏苏州市姑苏区,26.33元/斤
蘑菇,江苏苏州市姑苏区,13.75元/斤
蘑菇,江苏苏州市姑苏区,40元/斤
蘑菇,江苏苏州市姑苏区,14.6元/斤
蘑菇,江苏苏州市姑苏区,6.18元/斤
蘑菇,江苏苏州市姑苏区,47.19元/斤
蘑菇,江苏苏州市姑苏区,55.75元/斤
蘑菇,江苏苏州市姑苏区,69.33元/斤
蘑菇,江苏苏州市姑苏区,70元/斤
蘑菇,江苏苏州市姑苏区,70元/斤
蘑菇,江苏苏州市姑苏区,27.95元/斤
绿芦笋,江苏淮安市淮安区,4元/斤
绿芦笋,江苏淮安市淮安区,5元/斤
绿芦笋,江苏淮安市淮安区,20元/斤
绿芦笋,江苏淮安市淮安区,9元/斤
绿芦笋,江苏淮安市淮安区,19元/斤
绿芦笋,江苏淮安市淮安区,3.5元/斤
绿芦笋,江苏淮安市淮安区,5元/斤
绿芦笋,江苏淮安市淮安区,3元/斤
绿芦笋,江苏淮安市淮安区,10元/斤
绿芦笋,江苏淮安市淮安区,13元/斤
绿芦笋,江苏淮安市淮安区,19.14元/斤
绿芦笋,江苏淮安市淮安区,10.27元/斤
绿芦笋,江苏淮安市淮安区,10元/斤
绿芦笋,江苏淮安市淮安区,3.75元/斤
绿芦笋,江苏淮安市淮安区,3元/斤
芹菜,山东临沂市沂水县,0.6元/斤
芹菜,山东临沂市沂水县,0.6元/斤
芹菜,山东临沂市沂水县,0.46元/斤
芹菜,山东临沂市沂水县,0.65元/斤
芹菜,山东临沂市沂水县,0.28元/斤
芹菜,山东临沂市沂水县,0.48元/斤
芹菜,山东临沂市沂水县,0.6元/斤
芹菜,山东临沂市沂水县,0.65元/斤
芹菜,山东临沂市沂水县,0.5元/斤
芹菜,山东临沂市沂水县,0.2元/斤
芹菜,山东临沂市沂水县,0.9元/斤
芹菜,山东临沂市沂水县,0.53元/斤
芹菜,山东临沂市沂水县,0.5元/斤
芹菜,山东临沂市沂水县,0.3元/斤
芹菜,山东临沂市沂水县,0.65元/斤
干凤尾菇,河南郑州市中牟县,19元/斤
干凤尾菇,河南郑州市中牟县,25元/斤
油葵芽,陕西西安市雁塔区,6.67元/斤
意大利生菜,江苏淮安市淮阴区,0.65元/斤
意大利生菜,江苏淮安市淮阴区,0.68元/斤
意大利生菜,江苏淮安市淮阴区,1元/斤
意大利生菜,江苏淮安市淮阴区,0.3元/斤
意大利生菜,江苏淮安市淮阴区,0.5元/斤
意大利生菜,江苏淮安市淮阴区,1元/斤
意大利生菜,江苏淮安市淮阴区,0.83元/斤
意大利生菜,江苏淮安市淮阴区,0.52元/斤
意大利生菜,江苏淮安市淮阴区,0.55元/斤
意大利生菜,江苏淮安市淮阴区,0.62元/斤
意大利生菜,江苏淮安市淮阴区,0.71元/斤
意大利生菜,江苏淮安市淮阴区,0.3元/斤
意大利生菜,江苏淮安市淮阴区,0.3元/斤
意大利生菜,江苏淮安市淮阴区,0.45元/斤
意大利生菜,江苏淮安市淮阴区,0.67元/斤
绿苦瓜,山东临沂市兰陵县,0.6元/斤
绿苦瓜,山东临沂市兰陵县,1.05元/斤
绿苦瓜,山东临沂市兰陵县,1.5元/斤
绿苦瓜,山东临沂市兰陵县,1元/斤
绿苦瓜,山东临沂市兰陵县,0.55元/斤
绿苦瓜,山东临沂市兰陵县,1.6元/斤
绿苦瓜,山东临沂市兰陵县,0.6元/斤
绿苦瓜,山东临沂市兰陵县,1.2元/斤
绿苦瓜,山东临沂市兰陵县,0.77元/斤
绿苦瓜,山东临沂市兰陵县,1.07元/斤
绿苦瓜,山东临沂市兰陵县,0.93元/斤
绿苦瓜,山东临沂市兰陵县,1.2元/斤
绿苦瓜,山东临沂市兰陵县,1.04元/斤
绿苦瓜,山东临沂市兰陵县,1.35元/斤
绿苦瓜,山东临沂市兰陵县,0.65元/斤
树秋菌,湖北襄阳市南漳县,31.41元/斤
红油香椿,山东潍坊市青州市,20元/斤
红油香椿,山东潍坊市青州市,13元/斤
红油香椿,山东潍坊市青州市,6.75元/斤
红油香椿,山东潍坊市青州市,11.43元/斤
红油香椿,山东潍坊市青州市,7.5元/斤
红油香椿,山东潍坊市青州市,8元/斤
红油香椿,山东潍坊市青州市,15元/斤
红油香椿,山东潍坊市青州市,30元/斤
红油香椿,山东潍坊市青州市,10.5元/斤
红油香椿,山东潍坊市青州市,6元/斤
红油香椿,山东潍坊市青州市,15.97元/斤
红油香椿,山东潍坊市青州市,3元/斤
红油香椿,山东潍坊市青州市,15元/斤
红油香椿,山东潍坊市青州市,15.06元/斤
红油香椿,山东潍坊市青州市,9.67元/斤
鲜玉米,四川攀枝花市米易县,0.73元/斤
鲜玉米,四川攀枝花市米易县,0.8元/斤
鲜玉米,四川攀枝花市米易县,1元/斤
鲜玉米,四川攀枝花市米易县,1.1元/斤
鲜玉米,四川攀枝花市米易县,1元/斤
鲜玉米,四川攀枝花市米易县,1.5元/斤
鲜玉米,四川攀枝花市米易县,0.8元/斤
鲜玉米,四川攀枝花市米易县,0.7元/斤
鲜玉米,四川攀枝花市米易县,3.25元/斤
鲜玉米,四川攀枝花市米易县,0.7元/斤
鲜玉米,四川攀枝花市米易县,1.55元/斤
鲜玉米,四川攀枝花市米易县,1元/斤
鲜玉米,四川攀枝花市米易县,0.8元/斤
鲜玉米,四川攀枝花市米易县,1元/斤
鲜玉米,四川攀枝花市米易县,1.2元/斤
南瓜,河南开封市祥符区,0.9元/斤
南瓜,河南开封市祥符区,1.15元/斤
南瓜,河南开封市祥符区,1.2元/斤
南瓜,河南开封市祥符区,1.2元/斤
南瓜,河南开封市祥符区,1.1元/斤
南瓜,河南开封市祥符区,0.5元/斤
南瓜,河南开封市祥符区,0.6元/斤
南瓜,河南开封市祥符区,1元/斤
南瓜,河南开封市祥符区,5.16元/斤
南瓜,河南开封市祥符区,2.4元/斤
南瓜,河南开封市祥符区,1.9元/斤
南瓜,河南开封市祥符区,5元/斤
南瓜,河南开封市祥符区,2.75元/斤
南瓜,河南开封市祥符区,2.2元/斤
南瓜,河南开封市祥符区,0.17元/斤
苦藤花,云南昆明市呈贡区,4元/斤
瓠瓜,广东湛江市徐闻县,0.43元/斤
瓠瓜,广东湛江市徐闻县,0.33元/斤
瓠瓜,广东湛江市徐闻县,0.5元/斤
瓠瓜,广东湛江市徐闻县,0.38元/斤
瓠瓜,广东湛江市徐闻县,0.32元/斤
蛇瓜,广东湛江市徐闻县,3元/斤
蛇瓜,广东湛江市徐闻县,0.5元/斤
竹芋,广西北海市铁山港区,10元/斤
竹芋,广西北海市铁山港区,7元/斤
竹芋,广西北海市铁山港区,6.8元/斤
竹芋,广西北海市铁山港区,10元/斤
臭菜,云南西双版纳傣族自治州景洪市,18元/斤
臭菜,云南西双版纳傣族自治州景洪市,37元/斤
新鲜蚕豆,云南大理白族自治州弥渡县,2.2元/斤
新鲜蚕豆,云南大理白族自治州弥渡县,10元/斤
新鲜蚕豆,云南大理白族自治州弥渡县,1元/斤
新鲜蚕豆,云南大理白族自治州弥渡县,0.7元/斤
新鲜蚕豆,云南大理白族自治州弥渡县,3.5元/斤
新鲜蚕豆,云南大理白族自治州弥渡县,1.03元/斤
新鲜蚕豆,云南大理白族自治州弥渡县,9.61元/斤
新鲜蚕豆,云南大理白族自治州弥渡县,2元/斤
新鲜蚕豆,云南大理白族自治州弥渡县,1.99元/斤
紫苤蓝,江苏徐州市邳州市,0.28元/斤
紫苤蓝,江苏徐州市邳州市,0.5元/斤
紫苤蓝,江苏徐州市邳州市,0.44元/斤
紫苤蓝,江苏徐州市邳州市,0.5元/斤
紫苤蓝,江苏徐州市邳州市,0.75元/斤
紫苤蓝,江苏徐州市邳州市,0.75元/斤
紫苤蓝,江苏徐州市邳州市,0.45元/斤
大球盖菇,云南昆明市官渡区,9元/斤
大球盖菇,云南昆明市官渡区,8元/斤
大球盖菇,云南昆明市官渡区,6.75元/斤
大球盖菇,云南昆明市官渡区,7.67元/斤
大球盖菇,云南昆明市官渡区,10元/斤
大球盖菇,云南昆明市官渡区,9.71元/斤
大球盖菇,云南昆明市官渡区,6元/斤
大球盖菇,云南昆明市官渡区,8.5元/斤
大球盖菇,云南昆明市官渡区,10元/斤
大球盖菇,云南昆明市官渡区,10元/斤
沙葱,甘肃武威市民勤县,5元/斤
沙葱,甘肃武威市民勤县,18.84元/斤
苦菊,山东潍坊市青州市,0.5元/斤
苦菊,山东潍坊市青州市,1.2元/斤
苦菊,山东潍坊市青州市,0.75元/斤
苦菊,山东潍坊市青州市,2元/斤
苦菊,山东潍坊市青州市,0.95元/斤
苦楮果,湖南衡阳市衡东县,9.9元/斤
野芹菜,湖南衡阳市衡东县,11.8元/斤
荔枝菌,广西来宾市武宣县,109.33元/斤
薇菜,吉林白山市抚松县,7.25元/斤
薇菜,吉林白山市抚松县,5.17元/斤
薇菜,吉林白山市抚松县,69.98元/斤
小茴香,四川雅安市雨城区,9.5元/斤
小茴香,四川雅安市雨城区,10元/斤
小茴香,四川雅安市雨城区,9元/斤
小茴香,四川雅安市雨城区,8元/斤
小茴香,四川雅安市雨城区,8.07元/斤
小茴香,四川雅安市雨城区,10元/斤
小茴香,四川雅安市雨城区,8.5元/斤
小茴香,四川雅安市雨城区,10元/斤
小茴香,四川雅安市雨城区,8.25元/斤
小茴香,四川雅安市雨城区,9.2元/斤
小茴香,四川雅安市雨城区,7.5元/斤
小茴香,四川雅安市雨城区,7.75元/斤
小茴香,四川雅安市雨城区,8.01元/斤
小茴香,四川雅安市雨城区,8.42元/斤
小茴香,四川雅安市雨城区,8.9元/斤
紫薯,湖北孝感市安陆市,2.98元/斤
紫薯,湖北孝感市安陆市,1.3元/斤
紫薯,湖北孝感市安陆市,0.9元/斤
紫薯,湖北孝感市安陆市,1元/斤
紫薯,湖北孝感市安陆市,1.01元/斤
紫薯,湖北孝感市安陆市,2.9元/斤
紫薯,湖北孝感市安陆市,3元/斤
紫薯,湖北孝感市安陆市,3.48元/斤
紫薯,湖北孝感市安陆市,3.14元/斤
紫薯,湖北孝感市安陆市,1.85元/斤
紫薯,湖北孝感市安陆市,1.13元/斤
紫薯,湖北孝感市安陆市,2.26元/斤
紫薯,湖北孝感市安陆市,3.84元/斤
紫薯,湖北孝感市安陆市,1.28元/斤
紫薯,湖北孝感市安陆市,0.8元/斤
汉中冬韭,福建漳州市长泰区,1.25元/斤
汉中冬韭,福建漳州市长泰区,0.73元/斤
汉中冬韭,福建漳州市长泰区,0.8元/斤
汉中冬韭,福建漳州市长泰区,0.9元/斤
汉中冬韭,福建漳州市长泰区,0.98元/斤
汉中冬韭,福建漳州市长泰区,1元/斤
汉中冬韭,福建漳州市长泰区,1.5元/斤
汉中冬韭,福建漳州市长泰区,0.95元/斤
汉中冬韭,福建漳州市长泰区,0.98元/斤
汉中冬韭,福建漳州市长泰区,1元/斤
汉中冬韭,福建漳州市长泰区,1.3元/斤
汉中冬韭,福建漳州市长泰区,1元/斤
汉中冬韭,福建漳州市长泰区,1元/斤
汉中冬韭,福建漳州市长泰区,1.1元/斤
汉中冬韭,福建漳州市长泰区,1.5元/斤
芋梗,云南普洱市思茅区,4元/斤
芋梗,云南普洱市思茅区,5元/斤
雪耳,广东佛山市顺德区,32.5元/斤
雪耳,广东佛山市顺德区,26.1元/斤
雪耳,广东佛山市顺德区,33.6元/斤
雪耳,广东佛山市顺德区,40元/斤
雪耳,广东佛山市顺德区,27.05元/斤
雪耳,广东佛山市顺德区,30元/斤
雪耳,广东佛山市顺德区,21.67元/斤
雪耳,广东佛山市顺德区,20.5元/斤
雪耳,广东佛山市顺德区,21.94元/斤
雪耳,广东佛山市顺德区,33.9元/斤
雪耳,广东佛山市顺德区,34.53元/斤
雪耳,广东佛山市顺德区,20.02元/斤
雪耳,广东佛山市顺德区,28.5元/斤
雪耳,广东佛山市顺德区,26.72元/斤
雪耳,广东佛山市顺德区,25元/斤
绣球菌,云南昆明市盘龙区,23.85元/斤
绣球菌,云南昆明市盘龙区,113元/斤
绣球菌,云南昆明市盘龙区,31.8元/斤
绣球菌,云南昆明市盘龙区,230元/斤
甜菜头,湖南长沙市芙蓉区,0.5元/斤
甜菜头,湖南长沙市芙蓉区,0.3元/斤
甜菜头,湖南长沙市芙蓉区,0.35元/斤
甜菜头,湖南长沙市芙蓉区,3元/斤
甜菜头,湖南长沙市芙蓉区,2.97元/斤
风姜,广西钦州市灵山县,6元/斤
风姜,广西钦州市灵山县,8元/斤
风姜,广西钦州市灵山县,5.03元/斤
风姜,广西钦州市灵山县,18元/斤
小麦芽,陕西西安市雁塔区,11.83元/斤
鲜百合,甘肃定西市临洮县,20.25元/斤
鲜百合,甘肃定西市临洮县,26.33元/斤
鲜百合,甘肃定西市临洮县,13.97元/斤
鲜百合,甘肃定西市临洮县,14.17元/斤
鲜百合,甘肃定西市临洮县,8.8元/斤
鲜百合,甘肃定西市临洮县,15.88元/斤
鲜百合,甘肃定西市临洮县,11.83元/斤
鲜百合,甘肃定西市临洮县,18.57元/斤
鲜百合,甘肃定西市临洮县,19.6元/斤
鲜百合,甘肃定西市临洮县,15元/斤
鲜百合,甘肃定西市临洮县,15元/斤
鲜百合,甘肃定西市临洮县,11.47元/斤
鲜百合,甘肃定西市临洮县,20.88元/斤
鲜百合,甘肃定西市临洮县,28元/斤
鲜百合,甘肃定西市临洮县,19.94元/斤
葱仔,云南玉溪市红塔区,15元/斤
葱仔,云南玉溪市红塔区,100元/斤
葱仔,云南玉溪市红塔区,3元/斤
玉米笋,陕西西安市莲湖区,1.3元/斤
玉米笋,陕西西安市莲湖区,4.73元/斤
玉米笋,陕西西安市莲湖区,0.83元/斤
玉米笋,陕西西安市莲湖区,6元/斤
玉米笋,陕西西安市莲湖区,6元/斤
玉米笋,陕西西安市莲湖区,3.33元/斤
玉米笋,陕西西安市莲湖区,3.97元/斤
玉米笋,陕西西安市莲湖区,4.54元/斤
玉米笋,陕西西安市莲湖区,5.21元/斤
珍珠花菜,四川达州市万源市,65元/斤
珍珠花菜,四川达州市万源市,65元/斤
宝塔菜,广西玉林市玉州区,33元/斤
宝塔菜,广西玉林市玉州区,65.87元/斤
宝塔菜,广西玉林市玉州区,10.97元/斤
宝塔菜,广西玉林市玉州区,12.67元/斤
宝塔菜,广西玉林市玉州区,17.5元/斤
刺芹,广西南宁市武鸣区,0.75元/斤
刺芹,广西南宁市武鸣区,7.25元/斤
麻叶菜,云南红河哈尼族彝族自治州泸西县,0.08元/斤
麻叶菜,云南红河哈尼族彝族自治州泸西县,0.38元/斤
麻叶菜,云南红河哈尼族彝族自治州泸西县,0.5元/斤
麻叶菜,云南红河哈尼族彝族自治州泸西县,0.43元/斤
麻叶菜,云南红河哈尼族彝族自治州泸西县,0.7元/斤
麻叶菜,云南红河哈尼族彝族自治州泸西县,0.25元/斤
白灵菇,云南昆明市东川区,10元/斤
白灵菇,云南昆明市东川区,12.5元/斤
白灵菇,云南昆明市东川区,11.85元/斤
白灵菇,云南昆明市东川区,10元/斤
鲍鱼菇,四川成都市金堂县,0.5元/斤
鲍鱼菇,四川成都市金堂县,5元/斤
蕨菜,云南普洱市思茅区,6.5元/斤
蕨菜,云南普洱市思茅区,3.88元/斤
蕨菜,云南普洱市思茅区,3.75元/斤
蕨菜,云南普洱市思茅区,4.25元/斤
蕨菜,云南普洱市思茅区,3.35元/斤
蕨菜,云南普洱市思茅区,7.5元/斤
蕨菜,云南普洱市思茅区,1.9元/斤
蕨菜,云南普洱市思茅区,5元/斤
蕨菜,云南普洱市思茅区,8.65元/斤
蕨菜,云南普洱市思茅区,2.1元/斤
蕨菜,云南普洱市思茅区,3.15元/斤
蕨菜,云南普洱市思茅区,1.2元/斤
蕨菜,云南普洱市思茅区,6元/斤
蕨菜,云南普洱市思茅区,3元/斤
蕨菜,云南普洱市思茅区,8.5元/斤
白葱菌,云南昆明市官渡区,80元/斤
白葱菌,云南昆明市官渡区,120元/斤
白葱菌,云南昆明市官渡区,56.67元/斤
白葱菌,云南昆明市官渡区,69.5元/斤
山药,广西桂林市恭城瑶族自治县,1.4元/斤
山药,广西桂林市恭城瑶族自治县,3.1元/斤
山药,广西桂林市恭城瑶族自治县,3.43元/斤
山药,广西桂林市恭城瑶族自治县,7.5元/斤
山药,广西桂林市恭城瑶族自治县,8.5元/斤
山药,广西桂林市恭城瑶族自治县,3.5元/斤
山药,广西桂林市恭城瑶族自治县,1.8元/斤
山药,广西桂林市恭城瑶族自治县,2.5元/斤
山药,广西桂林市恭城瑶族自治县,9.7元/斤
山药,广西桂林市恭城瑶族自治县,7.88元/斤
山药,广西桂林市恭城瑶族自治县,2.5元/斤
山药,广西桂林市恭城瑶族自治县,10元/斤
山药,广西桂林市恭城瑶族自治县,3.8元/斤
山药,广西桂林市恭城瑶族自治县,3.8元/斤
山药,广西桂林市恭城瑶族自治县,1.95元/斤
藕带,广西柳州市柳江区,10元/斤
藕带,广西柳州市柳江区,14.86元/斤
藕带,广西柳州市柳江区,13.99元/斤
藕带,广西柳州市柳江区,10元/斤
藕带,广西柳州市柳江区,9元/斤
藕带,广西柳州市柳江区,18元/斤
藕带,广西柳州市柳江区,15元/斤
鹅蛋菌,重庆市石柱土家族自治县,32.89元/斤
鹅蛋菌,重庆市石柱土家族自治县,12.5元/斤
野莲,广东清远市清城区,20元/斤
野莲,广东清远市清城区,8元/斤
野莲,广东清远市清城区,15元/斤
红瓜,广东湛江市徐闻县,0.5元/斤
红瓜,广东湛江市徐闻县,1.4元/斤
蒲公英菜,贵州毕节市赫章县,4元/斤
蒲公英菜,贵州毕节市赫章县,6元/斤
蒲公英菜,贵州毕节市赫章县,5元/斤
蒲公英菜,贵州毕节市赫章县,8.5元/斤
蒲公英菜,贵州毕节市赫章县,5.25元/斤
蒲公英菜,贵州毕节市赫章县,6元/斤
蒲公英菜,贵州毕节市赫章县,6元/斤
蒲公英菜,贵州毕节市赫章县,10元/斤
牛舌菌,山东济宁市鱼台县,115元/斤
牛舌菌,山东济宁市鱼台县,33.25元/斤
紫皮大蒜苗,山东济宁市金乡县,0.5元/斤
紫皮大蒜苗,山东济宁市金乡县,1.2元/斤
紫皮大蒜苗,山东济宁市金乡县,1元/斤
紫皮大蒜苗,山东济宁市金乡县,1元/斤
紫皮大蒜苗,山东济宁市金乡县,2元/斤
紫皮大蒜苗,山东济宁市金乡县,1.2元/斤
紫皮大蒜苗,山东济宁市金乡县,0.8元/斤
紫皮大蒜苗,山东济宁市金乡县,1元/斤
紫皮大蒜苗,山东济宁市金乡县,0.53元/斤
紫皮大蒜苗,山东济宁市金乡县,1.15元/斤
紫皮大蒜苗,山东济宁市金乡县,0.6元/斤
紫皮大蒜苗,山东济宁市金乡县,1元/斤
紫皮大蒜苗,山东济宁市金乡县,2元/斤
紫皮大蒜苗,山东济宁市金乡县,0.68元/斤
紫皮大蒜苗,山东济宁市金乡县,1.65元/斤
青苋菜,河南南阳市内乡县,12元/斤
青苋菜,河南南阳市内乡县,1.8元/斤
青苋菜,河南南阳市内乡县,1元/斤
青苋菜,河南南阳市内乡县,2元/斤
青苋菜,河南南阳市内乡县,4.75元/斤
青苋菜,河南南阳市内乡县,3.3元/斤
青苋菜,河南南阳市内乡县,1元/斤
青苋菜,河南南阳市内乡县,6.2元/斤
洋葱,河南焦作市博爱县,0.75元/斤
洋葱,河南焦作市博爱县,0.5元/斤
洋葱,河南焦作市博爱县,0.7元/斤
洋葱,河南焦作市博爱县,0.63元/斤
洋葱,河南焦作市博爱县,0.7元/斤
洋葱,河南焦作市博爱县,0.4元/斤
洋葱,河南焦作市博爱县,0.52元/斤
洋葱,河南焦作市博爱县,0.5元/斤
洋葱,河南焦作市博爱县,0.48元/斤
洋葱,河南焦作市博爱县,0.7元/斤
洋葱,河南焦作市博爱县,0.57元/斤
洋葱,河南焦作市博爱县,0.3元/斤
洋葱,河南焦作市博爱县,0.4元/斤
洋葱,河南焦作市博爱县,0.43元/斤
洋葱,河南焦作市博爱县,0.6元/斤
辣木菜,广西崇左市大新县,10元/斤
白参菌,云南普洱市思茅区,15.9元/斤
白参菌,云南普洱市思茅区,110元/斤
白参菌,云南普洱市思茅区,80元/斤
白参菌,云南普洱市思茅区,65元/斤
白参菌,云南普洱市思茅区,86.67元/斤
姜薯,云南文山壮族苗族自治州广南县,14元/斤
姜薯,云南文山壮族苗族自治州广南县,14.5元/斤
姜薯,云南文山壮族苗族自治州广南县,16元/斤
姜薯,云南文山壮族苗族自治州广南县,2.8元/斤
姜薯,云南文山壮族苗族自治州广南县,3元/斤
鲜平菇,吉林长春市宽城区,1.8元/斤
鲜平菇,吉林长春市宽城区,0.85元/斤
鲜平菇,吉林长春市宽城区,0.7元/斤
鲜平菇,吉林长春市宽城区,0.98元/斤
鲜平菇,吉林长春市宽城区,0.8元/斤
鲜平菇,吉林长春市宽城区,5.5元/斤
鲜平菇,吉林长春市宽城区,1.8元/斤
鲜平菇,吉林长春市宽城区,1.5元/斤
鲜平菇,吉林长春市宽城区,2.12元/斤
鲜平菇,吉林长春市宽城区,1.8元/斤
鲜平菇,吉林长春市宽城区,0.9元/斤
鲜平菇,吉林长春市宽城区,1.37元/斤
鲜平菇,吉林长春市宽城区,1.57元/斤
鲜平菇,吉林长春市宽城区,0.78元/斤
鲜平菇,吉林长春市宽城区,2.65元/斤
黄花菜,四川成都市新都区,22.43元/斤
黄花菜,四川成都市新都区,26.8元/斤
黄花菜,四川成都市新都区,28元/斤
黄花菜,四川成都市新都区,25元/斤
黄花菜,四川成都市新都区,24.77元/斤
黄花菜,四川成都市新都区,23.99元/斤
黄花菜,四川成都市新都区,19.11元/斤
黄花菜,四川成都市新都区,19元/斤
黄花菜,四川成都市新都区,23.4元/斤
黄花菜,四川成都市新都区,23.75元/斤
黄花菜,四川成都市新都区,17.49元/斤
黄花菜,四川成都市新都区,25元/斤
黄花菜,四川成都市新都区,18.17元/斤
黄花菜,四川成都市新都区,27.5元/斤
黄花菜,四川成都市新都区,20.8元/斤
长寿翼豆,云南西双版纳傣族自治州景洪市,7元/斤
长寿翼豆,云南西双版纳傣族自治州景洪市,4元/斤
长寿翼豆,云南西双版纳傣族自治州景洪市,9.58元/斤
长寿翼豆,云南西双版纳傣族自治州景洪市,14元/斤
长寿翼豆,云南西双版纳傣族自治州景洪市,13.75元/斤
阳荷,陕西汉中市宁强县,4元/斤
阳荷,陕西汉中市宁强县,8元/斤
阳荷,陕西汉中市宁强县,8.86元/斤
阳荷,陕西汉中市宁强县,2元/斤
阳荷,陕西汉中市宁强县,5.5元/斤
芋芽,云南红河哈尼族彝族自治州河口瑶族自治县,1元/斤
竹菌,四川宜宾市翠屏区,13.8元/斤
竹菌,四川宜宾市翠屏区,53.75元/斤
莴笋,四川成都市武侯区,0.44元/斤
莴笋,四川成都市武侯区,0.8元/斤
莴笋,四川成都市武侯区,0.55元/斤
莴笋,四川成都市武侯区,0.43元/斤
莴笋,四川成都市武侯区,0.2元/斤
莴笋,四川成都市武侯区,0.8元/斤
莴笋,四川成都市武侯区,0.44元/斤
莴笋,四川成都市武侯区,0.2元/斤
莴笋,四川成都市武侯区,0.6元/斤
莴笋,四川成都市武侯区,0.43元/斤
莴笋,四川成都市武侯区,0.2元/斤
莴笋,四川成都市武侯区,0.41元/斤
莴笋,四川成都市武侯区,0.35元/斤
莴笋,四川成都市武侯区,0.5元/斤
莴笋,四川成都市武侯区,0.5元/斤
虎掌菌,新疆乌鲁木齐市天山区,232.22元/斤
虎掌菌,新疆乌鲁木齐市天山区,74元/斤
虎掌菌,新疆乌鲁木齐市天山区,360元/斤
虎掌菌,新疆乌鲁木齐市天山区,90元/斤
虎掌菌,新疆乌鲁木齐市天山区,38元/斤
虎掌菌,新疆乌鲁木齐市天山区,450元/斤
虎掌菌,新疆乌鲁木齐市天山区,308.91元/斤
虎掌菌,新疆乌鲁木齐市天山区,350元/斤
虎掌菌,新疆乌鲁木齐市天山区,425元/斤
罗勒,广东潮州市饶平县,6元/斤
青油麦,山西大同市云冈区,0.85元/斤
青油麦,山西大同市云冈区,0.8元/斤
青油麦,山西大同市云冈区,0.87元/斤
青油麦,山西大同市云冈区,0.6元/斤
青油麦,山西大同市云冈区,1.1元/斤
青油麦,山西大同市云冈区,1元/斤
青油麦,山西大同市云冈区,0.7元/斤
青油麦,山西大同市云冈区,0.95元/斤
青油麦,山西大同市云冈区,0.7元/斤
青油麦,山西大同市云冈区,1元/斤
青油麦,山西大同市云冈区,0.8元/斤
青油麦,山西大同市云冈区,0.7元/斤
青油麦,山西大同市云冈区,0.85元/斤
青油麦,山西大同市云冈区,0.89元/斤
青油麦,山西大同市云冈区,0.8元/斤
珊瑚菌,河南驻马店市平舆县,15元/斤
珊瑚菌,河南驻马店市平舆县,50元/斤
花生芽,广西南宁市兴宁区,5.5元/斤
花生芽,广西南宁市兴宁区,6.61元/斤
花生芽,广西南宁市兴宁区,4元/斤
花生芽,广西南宁市兴宁区,6元/斤
花生芽,广西南宁市兴宁区,7元/斤
花生芽,广西南宁市兴宁区,5.75元/斤
花生芽,广西南宁市兴宁区,6.8元/斤
花生芽,广西南宁市兴宁区,4元/斤
花生芽,广西南宁市兴宁区,4.72元/斤
花生芽,广西南宁市兴宁区,5元/斤
花生芽,广西南宁市兴宁区,6.6元/斤
花生芽,广西南宁市兴宁区,5元/斤
花生芽,广西南宁市兴宁区,5.33元/斤
花生芽,广西南宁市兴宁区,7元/斤
花生芽,广西南宁市兴宁区,5.2元/斤
刺老芽,陕西汉中市宁强县,8.11元/斤
刺老芽,陕西汉中市宁强县,0.2元/斤
刺老芽,陕西汉中市宁强县,0.23元/斤
刺老芽,陕西汉中市宁强县,22.5元/斤
刺老芽,陕西汉中市宁强县,20元/斤
刺老芽,陕西汉中市宁强县,13.33元/斤
刺老芽,陕西汉中市宁强县,22.5元/斤
刺老芽,陕西汉中市宁强县,30元/斤
刺老芽,陕西汉中市宁强县,16.5元/斤
刺老芽,陕西汉中市宁强县,2.5元/斤
刺老芽,陕西汉中市宁强县,20元/斤
水果秋葵,福建漳州市龙文区,7.5元/斤
水果秋葵,福建漳州市龙文区,7.88元/斤
水果秋葵,福建漳州市龙文区,7.38元/斤
水果秋葵,福建漳州市龙文区,7.33元/斤
水果秋葵,福建漳州市龙文区,3元/斤
水果秋葵,福建漳州市龙文区,7.33元/斤
水果秋葵,福建漳州市龙文区,7.9元/斤
水果秋葵,福建漳州市龙文区,2.67元/斤
水果秋葵,福建漳州市龙文区,7.33元/斤
水果秋葵,福建漳州市龙文区,7元/斤
水果秋葵,福建漳州市龙文区,9元/斤
水果秋葵,福建漳州市龙文区,8元/斤
水果秋葵,福建漳州市龙文区,8.8元/斤
水果秋葵,福建漳州市龙文区,8.92元/斤
包心芥菜,广西南宁市宾阳县,0.3元/斤
包心芥菜,广西南宁市宾阳县,0.43元/斤
包心芥菜,广西南宁市宾阳县,0.25元/斤
包心芥菜,广西南宁市宾阳县,0.24元/斤
包心芥菜,广西南宁市宾阳县,0.35元/斤
包心芥菜,广西南宁市宾阳县,0.2元/斤
包心芥菜,广西南宁市宾阳县,0.2元/斤
包心芥菜,广西南宁市宾阳县,0.26元/斤
包心芥菜,广西南宁市宾阳县,0.2元/斤
包心芥菜,广西南宁市宾阳县,0.45元/斤
包心芥菜,广西南宁市宾阳县,0.48元/斤
包心芥菜,广西南宁市宾阳县,0.2元/斤
包心芥菜,广西南宁市宾阳县,0.25元/斤
包心芥菜,广西南宁市宾阳县,0.28元/斤
包心芥菜,广西南宁市宾阳县,0.4元/斤
藜蒿,云南曲靖市麒麟区,8元/斤
藜蒿,云南曲靖市麒麟区,7.14元/斤
红薯叶,福建漳州市长泰区,13.98元/斤
红薯叶,福建漳州市长泰区,1.15元/斤
红薯叶,福建漳州市长泰区,1元/斤
红薯叶,福建漳州市长泰区,2元/斤
红薯叶,福建漳州市长泰区,0.8元/斤
红薯叶,福建漳州市长泰区,1.5元/斤
红薯叶,福建漳州市长泰区,2元/斤
红薯叶,福建漳州市长泰区,10元/斤
红薯叶,福建漳州市长泰区,14.9元/斤
红薯叶,福建漳州市长泰区,1元/斤
红薯叶,福建漳州市长泰区,2.2元/斤
红薯叶,福建漳州市长泰区,6元/斤
红薯叶,福建漳州市长泰区,4.47元/斤
红薯叶,福建漳州市长泰区,2.43元/斤
红薯叶,福建漳州市长泰区,8元/斤
苦菜,云南昆明市嵩明县,28元/斤
苦菜,云南昆明市嵩明县,19元/斤
苦菜,云南昆明市嵩明县,15元/斤
苦菜,云南昆明市嵩明县,1元/斤
棕包,云南普洱市思茅区,10元/斤
棕包,云南普洱市思茅区,6.5元/斤
棕包,云南普洱市思茅区,9.5元/斤
棕包,云南普洱市思茅区,13元/斤
棕包,云南普洱市思茅区,8.67元/斤
棕包,云南普洱市思茅区,10元/斤
棕包,云南普洱市思茅区,7元/斤
棕包,云南普洱市思茅区,25元/斤
棕包,云南普洱市思茅区,9元/斤
棕包,云南普洱市思茅区,20元/斤
黄瓜,山东聊城市莘县,2元/斤
黄瓜,山东聊城市莘县,0.96元/斤
黄瓜,山东聊城市莘县,1.3元/斤
黄瓜,山东聊城市莘县,0.6元/斤
黄瓜,山东聊城市莘县,2元/斤
黄瓜,山东聊城市莘县,1元/斤
黄瓜,山东聊城市莘县,1元/斤
黄瓜,山东聊城市莘县,1元/斤
黄瓜,山东聊城市莘县,2元/斤
黄瓜,山东聊城市莘县,1.2元/斤
黄瓜,山东聊城市莘县,0.65元/斤
黄瓜,山东聊城市莘县,0.75元/斤
黄瓜,山东聊城市莘县,0.65元/斤
黄瓜,山东聊城市莘县,0.6元/斤
黄瓜,山东聊城市莘县,0.75元/斤
马兰头,山东菏泽市郓城县,1.6元/斤
马兰头,山东菏泽市郓城县,0.25元/斤
马兰头,山东菏泽市郓城县,1元/斤
芥菜头,四川绵阳市涪城区,0.9元/斤
芥菜头,四川绵阳市涪城区,0.5元/斤
芥菜头,四川绵阳市涪城区,0.29元/斤
芥菜头,四川绵阳市涪城区,0.2元/斤
芥菜头,四川绵阳市涪城区,0.25元/斤
芥菜头,四川绵阳市涪城区,0.27元/斤
芥菜头,四川绵阳市涪城区,0.32元/斤
芥菜头,四川绵阳市涪城区,0.4元/斤
芥菜头,四川绵阳市涪城区,0.27元/斤
芥菜头,四川绵阳市涪城区,0.6元/斤
芥菜头,四川绵阳市涪城区,0.25元/斤
芥菜头,四川绵阳市涪城区,0.9元/斤
芥菜头,四川绵阳市涪城区,0.4元/斤
芥菜头,四川绵阳市涪城区,0.5元/斤
芥菜头,四川绵阳市涪城区,0.45元/斤
凉薯,贵州安顺市镇宁布依族苗族自治县,0.5元/斤
凉薯,贵州安顺市镇宁布依族苗族自治县,0.93元/斤
凉薯,贵州安顺市镇宁布依族苗族自治县,4.32元/斤
凉薯,贵州安顺市镇宁布依族苗族自治县,1.02元/斤
凉薯,贵州安顺市镇宁布依族苗族自治县,1元/斤
凉薯,贵州安顺市镇宁布依族苗族自治县,3.99元/斤
凉薯,贵州安顺市镇宁布依族苗族自治县,0.8元/斤
凉薯,贵州安顺市镇宁布依族苗族自治县,4.38元/斤
凉薯,贵州安顺市镇宁布依族苗族自治县,1.5元/斤
凉薯,贵州安顺市镇宁布依族苗族自治县,0.7元/斤
凉薯,贵州安顺市镇宁布依族苗族自治县,0.5元/斤
凉薯,贵州安顺市镇宁布依族苗族自治县,3.05元/斤
凉薯,贵州安顺市镇宁布依族苗族自治县,1.08元/斤
凉薯,贵州安顺市镇宁布依族苗族自治县,1.9元/斤
凉薯,贵州安顺市镇宁布依族苗族自治县,1.9元/斤
马齿苋,陕西汉中市洋县,13.67元/斤
马齿苋,陕西汉中市洋县,6.5元/斤
马齿苋,陕西汉中市洋县,13元/斤
马齿苋,陕西汉中市洋县,5元/斤
马齿苋,陕西汉中市洋县,4.99元/斤
马齿苋,陕西汉中市洋县,7元/斤
马齿苋,陕西汉中市洋县,5元/斤
马齿苋,陕西汉中市洋县,5.5元/斤
马齿苋,陕西汉中市洋县,10元/斤
马齿苋,陕西汉中市洋县,7元/斤
马齿苋,陕西汉中市洋县,10元/斤
马齿苋,陕西汉中市洋县,5元/斤
马齿苋,陕西汉中市洋县,10元/斤
马齿苋,陕西汉中市洋县,10元/斤
苜蓿芽,陕西西安市周至县,3元/斤
人参菜,云南文山壮族苗族自治州砚山县,15.5元/斤
人参菜,云南文山壮族苗族自治州砚山县,18元/斤
人参菜,云南文山壮族苗族自治州砚山县,8.33元/斤
枸杞芽,云南昆明市东川区,10元/斤
枸杞芽,云南昆明市东川区,10.15元/斤
枸杞芽,云南昆明市东川区,16元/斤
枸杞芽,云南昆明市东川区,10元/斤
枸杞芽,云南昆明市东川区,10元/斤
松乳菇,云南昆明市官渡区,265.33元/斤
松乳菇,云南昆明市官渡区,74.33元/斤
松乳菇,云南昆明市官渡区,150元/斤
松乳菇,云南昆明市官渡区,31.2元/斤
松乳菇,云南昆明市官渡区,88元/斤
松乳菇,云南昆明市官渡区,50元/斤
松乳菇,云南昆明市官渡区,30元/斤
松乳菇,云南昆明市官渡区,102元/斤
松乳菇,云南昆明市官渡区,120元/斤
长柄藠头,湖南衡阳市衡阳县,1.55元/斤
长柄藠头,湖南衡阳市衡阳县,3.38元/斤
长柄藠头,湖南衡阳市衡阳县,3元/斤
长柄藠头,湖南衡阳市衡阳县,3元/斤
长柄藠头,湖南衡阳市衡阳县,1.5元/斤
长柄藠头,湖南衡阳市衡阳县,1.4元/斤
长柄藠头,湖南衡阳市衡阳县,3.1元/斤
长柄藠头,湖南衡阳市衡阳县,2.03元/斤
长柄藠头,湖南衡阳市衡阳县,4元/斤
长柄藠头,湖南衡阳市衡阳县,3.1元/斤
长柄藠头,湖南衡阳市衡阳县,4元/斤
长柄藠头,湖南衡阳市衡阳县,3.96元/斤
长柄藠头,湖南衡阳市衡阳县,3.78元/斤
长柄藠头,湖南衡阳市衡阳县,1.8元/斤
长柄藠头,湖南衡阳市衡阳县,1.97元/斤
红菇,河南洛阳市嵩县,163元/斤
红菇,河南洛阳市嵩县,559.67元/斤
红菇,河南洛阳市嵩县,85元/斤
红菇,河南洛阳市嵩县,102.5元/斤
红菇,河南洛阳市嵩县,75元/斤
红菇,河南洛阳市嵩县,446.67元/斤
红菇,河南洛阳市嵩县,350元/斤
红菇,河南洛阳市嵩县,352元/斤
红菇,河南洛阳市嵩县,466.67元/斤
红菇,河南洛阳市嵩县,570元/斤
红菇,河南洛阳市嵩县,368元/斤
红菇,河南洛阳市嵩县,500元/斤
红菇,河南洛阳市嵩县,295.67元/斤
红菇,河南洛阳市嵩县,107.33元/斤
红菇,河南洛阳市嵩县,168元/斤
山姜,广西百色市德保县,2.3元/斤
山姜,广西百色市德保县,1.7元/斤
山姜,广西百色市德保县,2元/斤
山姜,广西百色市德保县,2.5元/斤
山姜,广西百色市德保县,4元/斤
山姜,广西百色市德保县,3.15元/斤
山姜,广西百色市德保县,5.17元/斤
山姜,广西百色市德保县,5元/斤
山姜,广西百色市德保县,2.4元/斤
山姜,广西百色市德保县,3.71元/斤
山姜,广西百色市德保县,4元/斤
山姜,广西百色市德保县,3.32元/斤
山姜,广西百色市德保县,3.05元/斤
山姜,广西百色市德保县,3元/斤
山姜,广西百色市德保县,2.83元/斤
碱蓬草,甘肃武威市民勤县,9元/斤
红薯,安徽阜阳市颍东区,2.5元/斤
红薯,安徽阜阳市颍东区,1元/斤
红薯,安徽阜阳市颍东区,1元/斤
红薯,安徽阜阳市颍东区,1.5元/斤
红薯,安徽阜阳市颍东区,1.73元/斤
红薯,安徽阜阳市颍东区,2.06元/斤
红薯,安徽阜阳市颍东区,0.9元/斤
红薯,安徽阜阳市颍东区,4元/斤
红薯,安徽阜阳市颍东区,0.8元/斤
红薯,安徽阜阳市颍东区,1.05元/斤
红薯,安徽阜阳市颍东区,2.83元/斤
红薯,安徽阜阳市颍东区,3.13元/斤
红薯,安徽阜阳市颍东区,1.25元/斤
红薯,安徽阜阳市颍东区,1.3元/斤
红薯,安徽阜阳市颍东区,0.76元/斤
黄蘑,贵州毕节市纳雍县,30元/斤
黄蘑,贵州毕节市纳雍县,49.77元/斤
黄蘑,贵州毕节市纳雍县,37.5元/斤
黄蘑,贵州毕节市纳雍县,52.5元/斤
黄蘑,贵州毕节市纳雍县,16.25元/斤
黄蘑,贵州毕节市纳雍县,13.67元/斤
黄蘑,贵州毕节市纳雍县,12.22元/斤
黄蘑,贵州毕节市纳雍县,35.67元/斤
绿扁豆,山东聊城市莘县,3元/斤
绿扁豆,山东聊城市莘县,6.65元/斤
绿扁豆,山东聊城市莘县,1.86元/斤
绿扁豆,山东聊城市莘县,10.65元/斤
绿扁豆,山东聊城市莘县,1元/斤
绿扁豆,山东聊城市莘县,3.5元/斤
绿扁豆,山东聊城市莘县,10元/斤
绿扁豆,山东聊城市莘县,4.35元/斤
绿扁豆,山东聊城市莘县,1.5元/斤
绿扁豆,山东聊城市莘县,2.8元/斤
绿扁豆,山东聊城市莘县,1.8元/斤
绿扁豆,山东聊城市莘县,1元/斤
绿扁豆,山东聊城市莘县,3元/斤
绿扁豆,山东聊城市莘县,1.3元/斤
绿扁豆,山东聊城市莘县,1.94元/斤
花菜,山东临沂市郯城县,0.68元/斤
花菜,山东临沂市郯城县,0.67元/斤
花菜,山东临沂市郯城县,0.74元/斤
花菜,山东临沂市郯城县,0.7元/斤
花菜,山东临沂市郯城县,0.55元/斤
花菜,山东临沂市郯城县,0.7元/斤
花菜,山东临沂市郯城县,0.9元/斤
花菜,山东临沂市郯城县,0.8元/斤
花菜,山东临沂市郯城县,0.4元/斤
花菜,山东临沂市郯城县,0.5元/斤
花菜,山东临沂市郯城县,0.35元/斤
花菜,山东临沂市郯城县,0.6元/斤
花菜,山东临沂市郯城县,1元/斤
花菜,山东临沂市郯城县,0.6元/斤
花菜,山东临沂市郯城县,0.3元/斤
儿菜,四川遂宁市射洪市,0.5元/斤
儿菜,四川遂宁市射洪市,0.55元/斤
儿菜,四川遂宁市射洪市,0.55元/斤
儿菜,四川遂宁市射洪市,0.68元/斤
儿菜,四川遂宁市射洪市,0.45元/斤
儿菜,四川遂宁市射洪市,0.38元/斤
儿菜,四川遂宁市射洪市,0.8元/斤
儿菜,四川遂宁市射洪市,0.6元/斤
儿菜,四川遂宁市射洪市,0.45元/斤
儿菜,四川遂宁市射洪市,0.8元/斤
儿菜,四川遂宁市射洪市,0.74元/斤
儿菜,四川遂宁市射洪市,0.57元/斤
儿菜,四川遂宁市射洪市,0.49元/斤
儿菜,四川遂宁市射洪市,0.6元/斤
儿菜,四川遂宁市射洪市,0.8元/斤
芋头,湖南湘潭市湘潭县,4.83元/斤
芋头,湖南湘潭市湘潭县,1.5元/斤
芋头,湖南湘潭市湘潭县,2.93元/斤
芋头,湖南湘潭市湘潭县,5.98元/斤
芋头,湖南湘潭市湘潭县,2.2元/斤
芋头,湖南湘潭市湘潭县,1.68元/斤
芋头,湖南湘潭市湘潭县,3元/斤
芋头,湖南湘潭市湘潭县,2元/斤
芋头,湖南湘潭市湘潭县,1.5元/斤
芋头,湖南湘潭市湘潭县,0.8元/斤
芋头,湖南湘潭市湘潭县,1.43元/斤
芋头,湖南湘潭市湘潭县,1.95元/斤
芋头,湖南湘潭市湘潭县,5.54元/斤
芋头,湖南湘潭市湘潭县,5.5元/斤
芋头,湖南湘潭市湘潭县,2.5元/斤
荠菜,广西南宁市宾阳县,0.7元/斤
荠菜,广西南宁市宾阳县,3.67元/斤
荠菜,广西南宁市宾阳县,2.99元/斤
荠菜,广西南宁市宾阳县,5元/斤
荠菜,广西南宁市宾阳县,1.54元/斤
荠菜,广西南宁市宾阳县,2元/斤
荠菜,广西南宁市宾阳县,4.39元/斤
荠菜,广西南宁市宾阳县,2.52元/斤
荠菜,广西南宁市宾阳县,1.4元/斤
荠菜,广西南宁市宾阳县,3.17元/斤
荠菜,广西南宁市宾阳县,2.8元/斤
荠菜,广西南宁市宾阳县,1.2元/斤
荠菜,广西南宁市宾阳县,2.07元/斤
荠菜,广西南宁市宾阳县,5元/斤
荠菜,广西南宁市宾阳县,0.75元/斤
韭苔,广东佛山市三水区,8.5元/斤
韭苔,广东佛山市三水区,6元/斤
奶浆菌,云南普洱市思茅区,22.75元/斤
奶浆菌,云南普洱市思茅区,34.25元/斤
奶浆菌,云南普洱市思茅区,39.57元/斤
老人头菌,甘肃甘南藏族自治州卓尼县,130元/斤
老人头菌,甘肃甘南藏族自治州卓尼县,21.5元/斤
老人头菌,甘肃甘南藏族自治州卓尼县,297元/斤
姬松茸,广西来宾市金秀瑶族自治县,78.02元/斤
姬松茸,广西来宾市金秀瑶族自治县,75元/斤
姬松茸,广西来宾市金秀瑶族自治县,64.67元/斤
姬松茸,广西来宾市金秀瑶族自治县,98元/斤
姬松茸,广西来宾市金秀瑶族自治县,96.67元/斤
姬松茸,广西来宾市金秀瑶族自治县,85元/斤
姬松茸,广西来宾市金秀瑶族自治县,86.67元/斤
姬松茸,广西来宾市金秀瑶族自治县,93.17元/斤
姬松茸,广西来宾市金秀瑶族自治县,85元/斤
姬松茸,广西来宾市金秀瑶族自治县,84.98元/斤
姬松茸,广西来宾市金秀瑶族自治县,74.2元/斤
姬松茸,广西来宾市金秀瑶族自治县,90元/斤
姬松茸,广西来宾市金秀瑶族自治县,82.33元/斤
姬松茸,广西来宾市金秀瑶族自治县,84.38元/斤
姬松茸,广西来宾市金秀瑶族自治县,100元/斤
硫磺菌,吉林延边朝鲜族自治州安图县,49元/斤
松露,云南丽江市永胜县,500元/斤
松露,云南丽江市永胜县,350元/斤
松露,云南丽江市永胜县,495元/斤
松露,云南丽江市永胜县,170元/斤
松露,云南丽江市永胜县,186元/斤
松露,云南丽江市永胜县,135元/斤
松露,云南丽江市永胜县,334.07元/斤
松露,云南丽江市永胜县,385.56元/斤
松露,云南丽江市永胜县,163元/斤
松露,云南丽江市永胜县,337.41元/斤
松露,云南丽江市永胜县,125元/斤
松露,云南丽江市永胜县,280元/斤
松露,云南丽江市永胜县,236.11元/斤
松露,云南丽江市永胜县,230.38元/斤
松露,云南丽江市永胜县,195元/斤
生姜,山东潍坊市安丘市,0.6元/斤
生姜,山东潍坊市安丘市,1元/斤
生姜,山东潍坊市安丘市,1.5元/斤
生姜,山东潍坊市安丘市,1元/斤
生姜,山东潍坊市安丘市,0.75元/斤
生姜,山东潍坊市安丘市,1.3元/斤
生姜,山东潍坊市安丘市,1元/斤
生姜,山东潍坊市安丘市,1元/斤
生姜,山东潍坊市安丘市,0.75元/斤
生姜,山东潍坊市安丘市,0.7元/斤
生姜,山东潍坊市安丘市,1.2元/斤
生姜,山东潍坊市安丘市,0.75元/斤
生姜,山东潍坊市安丘市,1.5元/斤
生姜,山东潍坊市安丘市,1.3元/斤
生姜,山东潍坊市安丘市,1.25元/斤
刺五加菜,云南普洱市思茅区,9元/斤
地蒲,浙江嘉兴市嘉善县,2.37元/斤
田七菜,山西太原市杏花岭区,2元/斤
洋姜,河南南阳市南召县,0.8元/斤
洋姜,河南南阳市南召县,0.67元/斤
洋姜,河南南阳市南召县,0.68元/斤
洋姜,河南南阳市南召县,0.6元/斤
洋姜,河南南阳市南召县,1元/斤
洋姜,河南南阳市南召县,0.6元/斤
洋姜,河南南阳市南召县,0.5元/斤
洋姜,河南南阳市南召县,0.8元/斤
洋姜,河南南阳市南召县,0.65元/斤
洋姜,河南南阳市南召县,0.7元/斤
洋姜,河南南阳市南召县,1元/斤
洋姜,河南南阳市南召县,1元/斤
洋姜,河南南阳市南召县,0.65元/斤
洋姜,河南南阳市南召县,0.71元/斤
洋姜,河南南阳市南召县,0.75元/斤
竹笋,山东青岛市城阳区,13元/斤
竹笋,山东青岛市城阳区,7.46元/斤
竹笋,山东青岛市城阳区,16元/斤
竹笋,山东青岛市城阳区,10元/斤
竹笋,山东青岛市城阳区,6.43元/斤
竹笋,山东青岛市城阳区,4元/斤
竹笋,山东青岛市城阳区,2元/斤
竹笋,山东青岛市城阳区,12.5元/斤
竹笋,山东青岛市城阳区,9.72元/斤
竹笋,山东青岛市城阳区,7.46元/斤
竹笋,山东青岛市城阳区,8.63元/斤
竹笋,山东青岛市城阳区,8.11元/斤
竹笋,山东青岛市城阳区,8元/斤
竹笋,山东青岛市城阳区,7.25元/斤
竹笋,山东青岛市城阳区,7.25元/斤
松树菌,宁夏吴忠市同心县,28元/斤
松树菌,宁夏吴忠市同心县,50元/斤
松树菌,宁夏吴忠市同心县,22元/斤
松树菌,宁夏吴忠市同心县,30.67元/斤
松树菌,宁夏吴忠市同心县,50元/斤
松树菌,宁夏吴忠市同心县,50元/斤
松树菌,宁夏吴忠市同心县,37.5元/斤
松树菌,宁夏吴忠市同心县,45元/斤
松树菌,宁夏吴忠市同心县,42.5元/斤
松树菌,宁夏吴忠市同心县,22.5元/斤
松树菌,宁夏吴忠市同心县,36元/斤
松树菌,宁夏吴忠市同心县,66.5元/斤
松树菌,宁夏吴忠市同心县,63元/斤
松树菌,宁夏吴忠市同心县,55元/斤
